text,text_clean,sentiment,target
standard procedure #1394,standard procedure,neutral,1
terrible quality #7132,terrible quality,negative,0
will follow up later #5469,follow later,neutral,1
noted for the record #7456,note record,neutral,1
highly recommend #5189,highly recommend,positive,2
hate this update #4329,hate update,negative,0
so frustrated right now #3274,frustrate right,negative,0
noted for the record #5824,note record,neutral,1
loving this so much #5383,love much,positive,2
this is awful #2478,awful,negative,0
totally disappointed with this #8008,totally disappointed,negative,0
would not recommend #4510,would recommend,negative,0
so happy with this #8287,happy,positive,2
loving this so much #3720,love much,positive,2
will follow up later #27,follow later,neutral,1
ok thanks #3032,ok thanks,neutral,1
this made my day #9086,make day,positive,2
fantastic support team #877,fantastic support team,positive,2
see you tomorrow #9745,see tomorrow,neutral,1
this is awful #1767,awful,negative,0
loving this so much #3096,love much,positive,2
the meeting is at 3pm #8671,meeting 3pm,neutral,1
so happy with this #9019,happy,positive,2
so happy with this #4305,happy,positive,2
worst experience ever #3361,bad experience ever,negative,0
hate this update #9846,hate update,negative,0
hate this update #1189,hate update,negative,0
this is awful #2207,awful,negative,0
standard procedure #4512,standard procedure,neutral,1
the meeting is at 3pm #8150,meeting 3pm,neutral,1
noted for the record #9697,note record,neutral,1
this is awful #5318,awful,negative,0
waste of time #2070,waste time,negative,0
loving this so much #6906,love much,positive,2
would not recommend #8924,would recommend,negative,0
standard procedure #1610,standard procedure,neutral,1
link attached for reference #5140,link attach reference,neutral,1
so frustrated right now #3336,frustrate right,negative,0
ok thanks #9002,ok thanks,neutral,1
fantastic support team #4457,fantastic support team,positive,2
will follow up later #48,follow later,neutral,1
would not recommend #1085,would recommend,negative,0
this is awful #4988,awful,negative,0
excellent quality #5531,excellent quality,positive,2
best day ever #19,best day ever,positive,2
this is awful #6997,awful,negative,0
terrible quality #2813,terrible quality,negative,0
this made my day #9356,make day,positive,2
see you tomorrow #1679,see tomorrow,neutral,1
so happy with this #2672,happy,positive,2
this made my day #5111,make day,positive,2
this made my day #572,make day,positive,2
see you tomorrow #9370,see tomorrow,neutral,1
worst experience ever #5748,bad experience ever,negative,0
noted for the record #1570,note record,neutral,1
waste of time #1552,waste time,negative,0
noted for the record #4161,note record,neutral,1
would not recommend #228,would recommend,negative,0
great experience #5333,great experience,positive,2
totally disappointed with this #9306,totally disappointed,negative,0
loving this so much #844,love much,positive,2
totally disappointed with this #1554,totally disappointed,negative,0
link attached for reference #6741,link attach reference,neutral,1
totally disappointed with this #1635,totally disappointed,negative,0
highly recommend #999,highly recommend,positive,2
ok thanks #3772,ok thanks,neutral,1
totally disappointed with this #9966,totally disappointed,negative,0
excellent quality #5115,excellent quality,positive,2
excellent quality #2414,excellent quality,positive,2
ok thanks #110,ok thanks,neutral,1
fantastic support team #4636,fantastic support team,positive,2
highly recommend #7323,highly recommend,positive,2
great experience #5401,great experience,positive,2
highly recommend #715,highly recommend,positive,2
worst experience ever #8961,bad experience ever,negative,0
waste of time #401,waste time,negative,0
so frustrated right now #6302,frustrate right,negative,0
as expected #1350,expect,neutral,1
would not recommend #7875,would recommend,negative,0
noted for the record #5394,note record,neutral,1
hate this update #6081,hate update,negative,0
excellent quality #5808,excellent quality,positive,2
ok thanks #9869,ok thanks,neutral,1
hate this update #1523,hate update,negative,0
best day ever #9741,best day ever,positive,2
worst experience ever #423,bad experience ever,negative,0
link attached for reference #8536,link attach reference,neutral,1
see you tomorrow #1083,see tomorrow,neutral,1
as expected #2504,expect,neutral,1
worst experience ever #3985,bad experience ever,negative,0
standard procedure #7875,standard procedure,neutral,1
as expected #2117,expect,neutral,1
would not recommend #8433,would recommend,negative,0
this made my day #4759,make day,positive,2
this made my day #3162,make day,positive,2
hate this update #2077,hate update,negative,0
highly recommend #3563,highly recommend,positive,2
standard procedure #9504,standard procedure,neutral,1
ok thanks #6136,ok thanks,neutral,1
hate this update #7519,hate update,negative,0
so frustrated right now #553,frustrate right,negative,0
worst experience ever #7154,bad experience ever,negative,0
link attached for reference #8983,link attach reference,neutral,1
this made my day #8001,make day,positive,2
will follow up later #7390,follow later,neutral,1
worst experience ever #7720,bad experience ever,negative,0
this made my day #8169,make day,positive,2
worst experience ever #3239,bad experience ever,negative,0
noted for the record #2974,note record,neutral,1
terrible quality #4627,terrible quality,negative,0
fantastic support team #9083,fantastic support team,positive,2
this is awful #3573,awful,negative,0
highly recommend #2198,highly recommend,positive,2
the meeting is at 3pm #8898,meeting 3pm,neutral,1
loving this so much #4156,love much,positive,2
will follow up later #2880,follow later,neutral,1
worst experience ever #6007,bad experience ever,negative,0
so happy with this #9522,happy,positive,2
will follow up later #8274,follow later,neutral,1
so frustrated right now #4482,frustrate right,negative,0
great experience #5861,great experience,positive,2
excellent quality #4147,excellent quality,positive,2
this made my day #9982,make day,positive,2
loving this so much #4829,love much,positive,2
terrible quality #298,terrible quality,negative,0
fantastic support team #6359,fantastic support team,positive,2
ok thanks #2100,ok thanks,neutral,1
this is awful #7798,awful,negative,0
will follow up later #1542,follow later,neutral,1
as expected #5214,expect,neutral,1
totally disappointed with this #6217,totally disappointed,negative,0
fantastic support team #139,fantastic support team,positive,2
hate this update #1532,hate update,negative,0
standard procedure #3278,standard procedure,neutral,1
hate this update #5204,hate update,negative,0
this made my day #1867,make day,positive,2
standard procedure #217,standard procedure,neutral,1
as expected #712,expect,neutral,1
link attached for reference #7631,link attach reference,neutral,1
will follow up later #2246,follow later,neutral,1
link attached for reference #4600,link attach reference,neutral,1
great experience #6,great experience,positive,2
standard procedure #2441,standard procedure,neutral,1
great experience #2261,great experience,positive,2
the meeting is at 3pm #4578,meeting 3pm,neutral,1
waste of time #4618,waste time,negative,0
worst experience ever #4695,bad experience ever,negative,0
this made my day #5962,make day,positive,2
would not recommend #1180,would recommend,negative,0
ok thanks #4676,ok thanks,neutral,1
noted for the record #5921,note record,neutral,1
highly recommend #2781,highly recommend,positive,2
would not recommend #2376,would recommend,negative,0
ok thanks #4482,ok thanks,neutral,1
totally disappointed with this #4347,totally disappointed,negative,0
the meeting is at 3pm #364,meeting 3pm,neutral,1
would not recommend #4350,would recommend,negative,0
as expected #6142,expect,neutral,1
terrible quality #6329,terrible quality,negative,0
terrible quality #5650,terrible quality,negative,0
as expected #2015,expect,neutral,1
worst experience ever #4690,bad experience ever,negative,0
so frustrated right now #6766,frustrate right,negative,0
so frustrated right now #1445,frustrate right,negative,0
worst experience ever #3900,bad experience ever,negative,0
loving this so much #1631,love much,positive,2
ok thanks #9884,ok thanks,neutral,1
hate this update #5864,hate update,negative,0
highly recommend #5417,highly recommend,positive,2
see you tomorrow #8951,see tomorrow,neutral,1
standard procedure #6483,standard procedure,neutral,1
fantastic support team #4506,fantastic support team,positive,2
fantastic support team #249,fantastic support team,positive,2
highly recommend #3402,highly recommend,positive,2
worst experience ever #9845,bad experience ever,negative,0
waste of time #9744,waste time,negative,0
the meeting is at 3pm #4090,meeting 3pm,neutral,1
loving this so much #8402,love much,positive,2
ok thanks #6935,ok thanks,neutral,1
fantastic support team #6604,fantastic support team,positive,2
will follow up later #5861,follow later,neutral,1
excellent quality #9,excellent quality,positive,2
would not recommend #6772,would recommend,negative,0
the meeting is at 3pm #5826,meeting 3pm,neutral,1
so happy with this #3087,happy,positive,2
so frustrated right now #4932,frustrate right,negative,0
fantastic support team #7181,fantastic support team,positive,2
best day ever #7012,best day ever,positive,2
excellent quality #9153,excellent quality,positive,2
will follow up later #9369,follow later,neutral,1
standard procedure #3521,standard procedure,neutral,1
so happy with this #8681,happy,positive,2
would not recommend #8294,would recommend,negative,0
hate this update #940,hate update,negative,0
waste of time #3159,waste time,negative,0
totally disappointed with this #9359,totally disappointed,negative,0
the meeting is at 3pm #3495,meeting 3pm,neutral,1
link attached for reference #2459,link attach reference,neutral,1
would not recommend #492,would recommend,negative,0
link attached for reference #8058,link attach reference,neutral,1
great experience #4979,great experience,positive,2
standard procedure #8465,standard procedure,neutral,1
fantastic support team #5629,fantastic support team,positive,2
fantastic support team #683,fantastic support team,positive,2
excellent quality #1352,excellent quality,positive,2
loving this so much #204,love much,positive,2
loving this so much #3306,love much,positive,2
terrible quality #6776,terrible quality,negative,0
will follow up later #4141,follow later,neutral,1
terrible quality #3783,terrible quality,negative,0
hate this update #6102,hate update,negative,0
excellent quality #7051,excellent quality,positive,2
this made my day #4742,make day,positive,2
fantastic support team #3081,fantastic support team,positive,2
this made my day #8292,make day,positive,2
standard procedure #6599,standard procedure,neutral,1
hate this update #7743,hate update,negative,0
fantastic support team #1562,fantastic support team,positive,2
so frustrated right now #4757,frustrate right,negative,0
excellent quality #7964,excellent quality,positive,2
waste of time #1377,waste time,negative,0
great experience #9496,great experience,positive,2
terrible quality #2669,terrible quality,negative,0
standard procedure #2402,standard procedure,neutral,1
excellent quality #9762,excellent quality,positive,2
ok thanks #3934,ok thanks,neutral,1
noted for the record #5569,note record,neutral,1
this made my day #3314,make day,positive,2
this is awful #4936,awful,negative,0
would not recommend #6522,would recommend,negative,0
excellent quality #4509,excellent quality,positive,2
waste of time #3944,waste time,negative,0
totally disappointed with this #2731,totally disappointed,negative,0
the meeting is at 3pm #8526,meeting 3pm,neutral,1
fantastic support team #1856,fantastic support team,positive,2
fantastic support team #7089,fantastic support team,positive,2
this is awful #9359,awful,negative,0
best day ever #7060,best day ever,positive,2
waste of time #441,waste time,negative,0
best day ever #6669,best day ever,positive,2
will follow up later #2588,follow later,neutral,1
see you tomorrow #412,see tomorrow,neutral,1
excellent quality #5106,excellent quality,positive,2
worst experience ever #6519,bad experience ever,negative,0
will follow up later #4462,follow later,neutral,1
noted for the record #7561,note record,neutral,1
hate this update #633,hate update,negative,0
loving this so much #702,love much,positive,2
the meeting is at 3pm #2578,meeting 3pm,neutral,1
totally disappointed with this #2947,totally disappointed,negative,0
noted for the record #5718,note record,neutral,1
fantastic support team #7120,fantastic support team,positive,2
terrible quality #8276,terrible quality,negative,0
noted for the record #2628,note record,neutral,1
see you tomorrow #9451,see tomorrow,neutral,1
totally disappointed with this #1383,totally disappointed,negative,0
link attached for reference #8755,link attach reference,neutral,1
so happy with this #4541,happy,positive,2
so frustrated right now #8325,frustrate right,negative,0
so happy with this #2155,happy,positive,2
terrible quality #5724,terrible quality,negative,0
standard procedure #3084,standard procedure,neutral,1
loving this so much #2426,love much,positive,2
hate this update #7729,hate update,negative,0
noted for the record #7491,note record,neutral,1
loving this so much #2116,love much,positive,2
hate this update #638,hate update,negative,0
will follow up later #6972,follow later,neutral,1
link attached for reference #3002,link attach reference,neutral,1
highly recommend #2637,highly recommend,positive,2
this made my day #6226,make day,positive,2
so frustrated right now #8641,frustrate right,negative,0
terrible quality #1894,terrible quality,negative,0
highly recommend #5392,highly recommend,positive,2
waste of time #1189,waste time,negative,0
link attached for reference #1749,link attach reference,neutral,1
great experience #2409,great experience,positive,2
noted for the record #9140,note record,neutral,1
so frustrated right now #5903,frustrate right,negative,0
terrible quality #8368,terrible quality,negative,0
will follow up later #5522,follow later,neutral,1
hate this update #486,hate update,negative,0
link attached for reference #6747,link attach reference,neutral,1
hate this update #8875,hate update,negative,0
link attached for reference #2576,link attach reference,neutral,1
standard procedure #1238,standard procedure,neutral,1
this made my day #7000,make day,positive,2
highly recommend #5279,highly recommend,positive,2
this made my day #6945,make day,positive,2
so happy with this #7479,happy,positive,2
waste of time #6854,waste time,negative,0
best day ever #5101,best day ever,positive,2
the meeting is at 3pm #7284,meeting 3pm,neutral,1
worst experience ever #841,bad experience ever,negative,0
see you tomorrow #6938,see tomorrow,neutral,1
loving this so much #7918,love much,positive,2
see you tomorrow #3446,see tomorrow,neutral,1
fantastic support team #9976,fantastic support team,positive,2
totally disappointed with this #5219,totally disappointed,negative,0
this is awful #176,awful,negative,0
see you tomorrow #3224,see tomorrow,neutral,1
this made my day #6448,make day,positive,2
worst experience ever #8900,bad experience ever,negative,0
excellent quality #2024,excellent quality,positive,2
best day ever #8662,best day ever,positive,2
excellent quality #6177,excellent quality,positive,2
the meeting is at 3pm #9560,meeting 3pm,neutral,1
ok thanks #7103,ok thanks,neutral,1
as expected #8444,expect,neutral,1
worst experience ever #9361,bad experience ever,negative,0
will follow up later #4871,follow later,neutral,1
so frustrated right now #9163,frustrate right,negative,0
waste of time #4400,waste time,negative,0
see you tomorrow #2367,see tomorrow,neutral,1
link attached for reference #8307,link attach reference,neutral,1
best day ever #5819,best day ever,positive,2
noted for the record #423,note record,neutral,1
this made my day #6218,make day,positive,2
ok thanks #9856,ok thanks,neutral,1
loving this so much #63,love much,positive,2
noted for the record #8729,note record,neutral,1
totally disappointed with this #9718,totally disappointed,negative,0
highly recommend #5606,highly recommend,positive,2
see you tomorrow #1397,see tomorrow,neutral,1
hate this update #8589,hate update,negative,0
worst experience ever #9368,bad experience ever,negative,0
this made my day #4047,make day,positive,2
ok thanks #1864,ok thanks,neutral,1
standard procedure #4212,standard procedure,neutral,1
so happy with this #8313,happy,positive,2
would not recommend #6492,would recommend,negative,0
hate this update #960,hate update,negative,0
excellent quality #9749,excellent quality,positive,2
see you tomorrow #9413,see tomorrow,neutral,1
would not recommend #2436,would recommend,negative,0
will follow up later #2762,follow later,neutral,1
the meeting is at 3pm #2276,meeting 3pm,neutral,1
would not recommend #9556,would recommend,negative,0
fantastic support team #1672,fantastic support team,positive,2
ok thanks #6415,ok thanks,neutral,1
highly recommend #1401,highly recommend,positive,2
excellent quality #7793,excellent quality,positive,2
loving this so much #3959,love much,positive,2
link attached for reference #6818,link attach reference,neutral,1
waste of time #231,waste time,negative,0
ok thanks #509,ok thanks,neutral,1
loving this so much #8779,love much,positive,2
noted for the record #7701,note record,neutral,1
hate this update #3044,hate update,negative,0
so happy with this #8596,happy,positive,2
noted for the record #5209,note record,neutral,1
as expected #9940,expect,neutral,1
totally disappointed with this #9975,totally disappointed,negative,0
this made my day #6999,make day,positive,2
great experience #9347,great experience,positive,2
as expected #1632,expect,neutral,1
so happy with this #6588,happy,positive,2
loving this so much #290,love much,positive,2
noted for the record #750,note record,neutral,1
highly recommend #6117,highly recommend,positive,2
as expected #5542,expect,neutral,1
worst experience ever #9954,bad experience ever,negative,0
totally disappointed with this #968,totally disappointed,negative,0
worst experience ever #2363,bad experience ever,negative,0
this is awful #5195,awful,negative,0
will follow up later #2348,follow later,neutral,1
great experience #6038,great experience,positive,2
noted for the record #4986,note record,neutral,1
link attached for reference #9403,link attach reference,neutral,1
this made my day #2698,make day,positive,2
fantastic support team #6539,fantastic support team,positive,2
fantastic support team #6200,fantastic support team,positive,2
waste of time #4659,waste time,negative,0
as expected #4813,expect,neutral,1
this is awful #5089,awful,negative,0
will follow up later #1657,follow later,neutral,1
will follow up later #9605,follow later,neutral,1
terrible quality #555,terrible quality,negative,0
waste of time #5297,waste time,negative,0
totally disappointed with this #3479,totally disappointed,negative,0
will follow up later #2223,follow later,neutral,1
hate this update #8014,hate update,negative,0
waste of time #5007,waste time,negative,0
waste of time #8047,waste time,negative,0
would not recommend #6587,would recommend,negative,0
waste of time #6525,waste time,negative,0
fantastic support team #2163,fantastic support team,positive,2
excellent quality #5314,excellent quality,positive,2
waste of time #8225,waste time,negative,0
fantastic support team #5705,fantastic support team,positive,2
standard procedure #1838,standard procedure,neutral,1
will follow up later #1184,follow later,neutral,1
ok thanks #341,ok thanks,neutral,1
loving this so much #8564,love much,positive,2
noted for the record #2868,note record,neutral,1
fantastic support team #1188,fantastic support team,positive,2
would not recommend #3607,would recommend,negative,0
will follow up later #5276,follow later,neutral,1
so happy with this #9356,happy,positive,2
the meeting is at 3pm #6355,meeting 3pm,neutral,1
would not recommend #2578,would recommend,negative,0
great experience #6394,great experience,positive,2
standard procedure #7868,standard procedure,neutral,1
highly recommend #1285,highly recommend,positive,2
ok thanks #7460,ok thanks,neutral,1
worst experience ever #8334,bad experience ever,negative,0
see you tomorrow #7100,see tomorrow,neutral,1
hate this update #876,hate update,negative,0
noted for the record #3782,note record,neutral,1
totally disappointed with this #4115,totally disappointed,negative,0
so frustrated right now #7385,frustrate right,negative,0
fantastic support team #2891,fantastic support team,positive,2
worst experience ever #351,bad experience ever,negative,0
as expected #5494,expect,neutral,1
totally disappointed with this #4234,totally disappointed,negative,0
see you tomorrow #3426,see tomorrow,neutral,1
ok thanks #4916,ok thanks,neutral,1
best day ever #3067,best day ever,positive,2
this is awful #946,awful,negative,0
as expected #1526,expect,neutral,1
so frustrated right now #7817,frustrate right,negative,0
ok thanks #2079,ok thanks,neutral,1
see you tomorrow #4665,see tomorrow,neutral,1
link attached for reference #7341,link attach reference,neutral,1
terrible quality #6310,terrible quality,negative,0
so frustrated right now #877,frustrate right,negative,0
worst experience ever #7585,bad experience ever,negative,0
as expected #7728,expect,neutral,1
this is awful #3649,awful,negative,0
best day ever #9908,best day ever,positive,2
totally disappointed with this #9585,totally disappointed,negative,0
as expected #4609,expect,neutral,1
see you tomorrow #4638,see tomorrow,neutral,1
totally disappointed with this #16,totally disappointed,negative,0
see you tomorrow #8057,see tomorrow,neutral,1
this made my day #5470,make day,positive,2
this made my day #9152,make day,positive,2
terrible quality #9327,terrible quality,negative,0
so frustrated right now #1030,frustrate right,negative,0
noted for the record #5472,note record,neutral,1
excellent quality #703,excellent quality,positive,2
excellent quality #2962,excellent quality,positive,2
noted for the record #9370,note record,neutral,1
so happy with this #1513,happy,positive,2
so frustrated right now #8494,frustrate right,negative,0
as expected #9988,expect,neutral,1
excellent quality #4646,excellent quality,positive,2
hate this update #8444,hate update,negative,0
so happy with this #2486,happy,positive,2
link attached for reference #2076,link attach reference,neutral,1
loving this so much #4398,love much,positive,2
would not recommend #4612,would recommend,negative,0
loving this so much #6545,love much,positive,2
as expected #8406,expect,neutral,1
fantastic support team #5083,fantastic support team,positive,2
so happy with this #9246,happy,positive,2
so frustrated right now #5509,frustrate right,negative,0
will follow up later #2252,follow later,neutral,1
so frustrated right now #7002,frustrate right,negative,0
terrible quality #3925,terrible quality,negative,0
this made my day #1449,make day,positive,2
worst experience ever #963,bad experience ever,negative,0
terrible quality #6375,terrible quality,negative,0
so frustrated right now #9366,frustrate right,negative,0
standard procedure #7725,standard procedure,neutral,1
as expected #4565,expect,neutral,1
this made my day #6526,make day,positive,2
the meeting is at 3pm #4177,meeting 3pm,neutral,1
this made my day #4410,make day,positive,2
totally disappointed with this #1504,totally disappointed,negative,0
so frustrated right now #696,frustrate right,negative,0
standard procedure #9314,standard procedure,neutral,1
would not recommend #4906,would recommend,negative,0
excellent quality #589,excellent quality,positive,2
the meeting is at 3pm #7545,meeting 3pm,neutral,1
so happy with this #1778,happy,positive,2
as expected #3204,expect,neutral,1
waste of time #1729,waste time,negative,0
terrible quality #8738,terrible quality,negative,0
so frustrated right now #2484,frustrate right,negative,0
would not recommend #6364,would recommend,negative,0
great experience #8400,great experience,positive,2
this made my day #2002,make day,positive,2
fantastic support team #4170,fantastic support team,positive,2
so happy with this #1375,happy,positive,2
loving this so much #2833,love much,positive,2
would not recommend #7807,would recommend,negative,0
will follow up later #2325,follow later,neutral,1
so frustrated right now #2435,frustrate right,negative,0
will follow up later #9812,follow later,neutral,1
see you tomorrow #5482,see tomorrow,neutral,1
will follow up later #5712,follow later,neutral,1
totally disappointed with this #2847,totally disappointed,negative,0
see you tomorrow #2913,see tomorrow,neutral,1
excellent quality #6855,excellent quality,positive,2
best day ever #4393,best day ever,positive,2
would not recommend #8020,would recommend,negative,0
great experience #5234,great experience,positive,2
standard procedure #4361,standard procedure,neutral,1
this made my day #5343,make day,positive,2
the meeting is at 3pm #2731,meeting 3pm,neutral,1
ok thanks #2794,ok thanks,neutral,1
this made my day #2489,make day,positive,2
excellent quality #1581,excellent quality,positive,2
great experience #7924,great experience,positive,2
ok thanks #7822,ok thanks,neutral,1
waste of time #1237,waste time,negative,0
worst experience ever #5893,bad experience ever,negative,0
worst experience ever #3785,bad experience ever,negative,0
link attached for reference #7914,link attach reference,neutral,1
terrible quality #6832,terrible quality,negative,0
see you tomorrow #2704,see tomorrow,neutral,1
so happy with this #282,happy,positive,2
standard procedure #5851,standard procedure,neutral,1
loving this so much #710,love much,positive,2
this is awful #1105,awful,negative,0
ok thanks #2898,ok thanks,neutral,1
fantastic support team #4423,fantastic support team,positive,2
highly recommend #3792,highly recommend,positive,2
would not recommend #8231,would recommend,negative,0
standard procedure #2130,standard procedure,neutral,1
the meeting is at 3pm #4562,meeting 3pm,neutral,1
this is awful #1049,awful,negative,0
ok thanks #6539,ok thanks,neutral,1
standard procedure #5829,standard procedure,neutral,1
worst experience ever #4699,bad experience ever,negative,0
great experience #4785,great experience,positive,2
highly recommend #5882,highly recommend,positive,2
will follow up later #4316,follow later,neutral,1
loving this so much #7378,love much,positive,2
link attached for reference #6422,link attach reference,neutral,1
would not recommend #1317,would recommend,negative,0
best day ever #3278,best day ever,positive,2
fantastic support team #7447,fantastic support team,positive,2
worst experience ever #2043,bad experience ever,negative,0
waste of time #1603,waste time,negative,0
great experience #9090,great experience,positive,2
terrible quality #4158,terrible quality,negative,0
as expected #1072,expect,neutral,1
terrible quality #8457,terrible quality,negative,0
loving this so much #4484,love much,positive,2
standard procedure #3362,standard procedure,neutral,1
would not recommend #2019,would recommend,negative,0
ok thanks #1659,ok thanks,neutral,1
totally disappointed with this #9267,totally disappointed,negative,0
worst experience ever #2140,bad experience ever,negative,0
this made my day #8344,make day,positive,2
waste of time #54,waste time,negative,0
ok thanks #4510,ok thanks,neutral,1
terrible quality #5445,terrible quality,negative,0
highly recommend #5286,highly recommend,positive,2
would not recommend #40,would recommend,negative,0
noted for the record #7642,note record,neutral,1
so frustrated right now #6115,frustrate right,negative,0
so happy with this #1878,happy,positive,2
the meeting is at 3pm #2840,meeting 3pm,neutral,1
standard procedure #980,standard procedure,neutral,1
best day ever #732,best day ever,positive,2
highly recommend #8040,highly recommend,positive,2
totally disappointed with this #358,totally disappointed,negative,0
waste of time #7721,waste time,negative,0
would not recommend #1439,would recommend,negative,0
noted for the record #9218,note record,neutral,1
will follow up later #9233,follow later,neutral,1
worst experience ever #5724,bad experience ever,negative,0
would not recommend #4085,would recommend,negative,0
this is awful #3480,awful,negative,0
so frustrated right now #5900,frustrate right,negative,0
great experience #5996,great experience,positive,2
this made my day #9051,make day,positive,2
terrible quality #2751,terrible quality,negative,0
excellent quality #1008,excellent quality,positive,2
totally disappointed with this #6339,totally disappointed,negative,0
would not recommend #3615,would recommend,negative,0
fantastic support team #8559,fantastic support team,positive,2
so frustrated right now #7467,frustrate right,negative,0
as expected #5197,expect,neutral,1
standard procedure #9424,standard procedure,neutral,1
the meeting is at 3pm #6404,meeting 3pm,neutral,1
this is awful #7502,awful,negative,0
will follow up later #9441,follow later,neutral,1
loving this so much #1246,love much,positive,2
the meeting is at 3pm #1499,meeting 3pm,neutral,1
totally disappointed with this #941,totally disappointed,negative,0
hate this update #1477,hate update,negative,0
the meeting is at 3pm #3512,meeting 3pm,neutral,1
link attached for reference #5218,link attach reference,neutral,1
this is awful #3961,awful,negative,0
best day ever #9890,best day ever,positive,2
would not recommend #1382,would recommend,negative,0
would not recommend #5202,would recommend,negative,0
so happy with this #3928,happy,positive,2
will follow up later #9021,follow later,neutral,1
link attached for reference #2991,link attach reference,neutral,1
ok thanks #425,ok thanks,neutral,1
worst experience ever #3736,bad experience ever,negative,0
excellent quality #2868,excellent quality,positive,2
the meeting is at 3pm #5076,meeting 3pm,neutral,1
hate this update #3307,hate update,negative,0
this is awful #1655,awful,negative,0
waste of time #5314,waste time,negative,0
this is awful #6191,awful,negative,0
as expected #2634,expect,neutral,1
standard procedure #2307,standard procedure,neutral,1
this made my day #5605,make day,positive,2
as expected #6218,expect,neutral,1
link attached for reference #5657,link attach reference,neutral,1
so happy with this #4392,happy,positive,2
link attached for reference #9950,link attach reference,neutral,1
loving this so much #6144,love much,positive,2
excellent quality #2111,excellent quality,positive,2
see you tomorrow #607,see tomorrow,neutral,1
fantastic support team #7906,fantastic support team,positive,2
waste of time #6322,waste time,negative,0
loving this so much #4254,love much,positive,2
terrible quality #4829,terrible quality,negative,0
waste of time #6578,waste time,negative,0
terrible quality #6122,terrible quality,negative,0
hate this update #9090,hate update,negative,0
this made my day #8694,make day,positive,2
this made my day #6813,make day,positive,2
loving this so much #5707,love much,positive,2
will follow up later #4888,follow later,neutral,1
best day ever #4762,best day ever,positive,2
so happy with this #3235,happy,positive,2
highly recommend #9468,highly recommend,positive,2
hate this update #4496,hate update,negative,0
waste of time #6619,waste time,negative,0
this made my day #5530,make day,positive,2
so frustrated right now #1659,frustrate right,negative,0
so happy with this #5425,happy,positive,2
this made my day #1782,make day,positive,2
see you tomorrow #1729,see tomorrow,neutral,1
totally disappointed with this #5041,totally disappointed,negative,0
totally disappointed with this #552,totally disappointed,negative,0
link attached for reference #4472,link attach reference,neutral,1
hate this update #8787,hate update,negative,0
will follow up later #9132,follow later,neutral,1
standard procedure #7703,standard procedure,neutral,1
will follow up later #3752,follow later,neutral,1
link attached for reference #5964,link attach reference,neutral,1
great experience #1817,great experience,positive,2
terrible quality #6203,terrible quality,negative,0
best day ever #9529,best day ever,positive,2
would not recommend #9529,would recommend,negative,0
great experience #5143,great experience,positive,2
the meeting is at 3pm #740,meeting 3pm,neutral,1
standard procedure #2878,standard procedure,neutral,1
terrible quality #6059,terrible quality,negative,0
so happy with this #2086,happy,positive,2
terrible quality #3975,terrible quality,negative,0
see you tomorrow #2652,see tomorrow,neutral,1
terrible quality #6526,terrible quality,negative,0
terrible quality #3292,terrible quality,negative,0
great experience #7895,great experience,positive,2
link attached for reference #8424,link attach reference,neutral,1
see you tomorrow #1178,see tomorrow,neutral,1
totally disappointed with this #6824,totally disappointed,negative,0
fantastic support team #547,fantastic support team,positive,2
terrible quality #1875,terrible quality,negative,0
waste of time #4203,waste time,negative,0
so happy with this #8851,happy,positive,2
hate this update #4217,hate update,negative,0
would not recommend #5372,would recommend,negative,0
totally disappointed with this #3853,totally disappointed,negative,0
will follow up later #8729,follow later,neutral,1
fantastic support team #3287,fantastic support team,positive,2
standard procedure #9191,standard procedure,neutral,1
so frustrated right now #4610,frustrate right,negative,0
this is awful #7789,awful,negative,0
noted for the record #4283,note record,neutral,1
ok thanks #4992,ok thanks,neutral,1
ok thanks #7930,ok thanks,neutral,1
great experience #1948,great experience,positive,2
worst experience ever #5545,bad experience ever,negative,0
excellent quality #759,excellent quality,positive,2
as expected #9122,expect,neutral,1
so frustrated right now #4564,frustrate right,negative,0
ok thanks #6104,ok thanks,neutral,1
best day ever #8069,best day ever,positive,2
best day ever #4320,best day ever,positive,2
will follow up later #1140,follow later,neutral,1
fantastic support team #4065,fantastic support team,positive,2
so frustrated right now #403,frustrate right,negative,0
this made my day #8198,make day,positive,2
would not recommend #5295,would recommend,negative,0
hate this update #4249,hate update,negative,0
this is awful #9456,awful,negative,0
the meeting is at 3pm #3778,meeting 3pm,neutral,1
standard procedure #3596,standard procedure,neutral,1
loving this so much #8927,love much,positive,2
totally disappointed with this #4964,totally disappointed,negative,0
this made my day #9362,make day,positive,2
totally disappointed with this #9237,totally disappointed,negative,0
noted for the record #3965,note record,neutral,1
worst experience ever #8879,bad experience ever,negative,0
great experience #4095,great experience,positive,2
totally disappointed with this #4012,totally disappointed,negative,0
would not recommend #5543,would recommend,negative,0
hate this update #2845,hate update,negative,0
so happy with this #1297,happy,positive,2
ok thanks #8517,ok thanks,neutral,1
excellent quality #8876,excellent quality,positive,2
waste of time #1637,waste time,negative,0
terrible quality #4400,terrible quality,negative,0
best day ever #8355,best day ever,positive,2
see you tomorrow #7114,see tomorrow,neutral,1
ok thanks #9720,ok thanks,neutral,1
ok thanks #3733,ok thanks,neutral,1
see you tomorrow #9976,see tomorrow,neutral,1
great experience #3422,great experience,positive,2
highly recommend #652,highly recommend,positive,2
hate this update #631,hate update,negative,0
highly recommend #1291,highly recommend,positive,2
hate this update #4004,hate update,negative,0
loving this so much #4939,love much,positive,2
link attached for reference #2825,link attach reference,neutral,1
hate this update #6015,hate update,negative,0
standard procedure #9529,standard procedure,neutral,1
will follow up later #9807,follow later,neutral,1
this is awful #491,awful,negative,0
best day ever #6416,best day ever,positive,2
this is awful #581,awful,negative,0
so frustrated right now #2025,frustrate right,negative,0
noted for the record #2412,note record,neutral,1
worst experience ever #7508,bad experience ever,negative,0
standard procedure #6887,standard procedure,neutral,1
totally disappointed with this #5717,totally disappointed,negative,0
hate this update #3315,hate update,negative,0
the meeting is at 3pm #6437,meeting 3pm,neutral,1
totally disappointed with this #8930,totally disappointed,negative,0
this is awful #73,awful,negative,0
best day ever #6794,best day ever,positive,2
loving this so much #2215,love much,positive,2
fantastic support team #4235,fantastic support team,positive,2
best day ever #6387,best day ever,positive,2
great experience #4591,great experience,positive,2
highly recommend #5922,highly recommend,positive,2
great experience #7236,great experience,positive,2
would not recommend #3222,would recommend,negative,0
highly recommend #3502,highly recommend,positive,2
great experience #3932,great experience,positive,2
this made my day #7229,make day,positive,2
see you tomorrow #4083,see tomorrow,neutral,1
would not recommend #107,would recommend,negative,0
standard procedure #4028,standard procedure,neutral,1
this made my day #1181,make day,positive,2
waste of time #2272,waste time,negative,0
standard procedure #8196,standard procedure,neutral,1
totally disappointed with this #5938,totally disappointed,negative,0
totally disappointed with this #4168,totally disappointed,negative,0
as expected #7566,expect,neutral,1
excellent quality #1464,excellent quality,positive,2
ok thanks #5994,ok thanks,neutral,1
noted for the record #9873,note record,neutral,1
link attached for reference #109,link attach reference,neutral,1
excellent quality #262,excellent quality,positive,2
so frustrated right now #8751,frustrate right,negative,0
as expected #8774,expect,neutral,1
ok thanks #8732,ok thanks,neutral,1
the meeting is at 3pm #889,meeting 3pm,neutral,1
so frustrated right now #2893,frustrate right,negative,0
waste of time #4741,waste time,negative,0
highly recommend #3667,highly recommend,positive,2
this is awful #9987,awful,negative,0
the meeting is at 3pm #7234,meeting 3pm,neutral,1
highly recommend #1541,highly recommend,positive,2
fantastic support team #5640,fantastic support team,positive,2
best day ever #6217,best day ever,positive,2
this is awful #2601,awful,negative,0
this is awful #8810,awful,negative,0
as expected #6840,expect,neutral,1
totally disappointed with this #8916,totally disappointed,negative,0
link attached for reference #2645,link attach reference,neutral,1
waste of time #3941,waste time,negative,0
loving this so much #5289,love much,positive,2
the meeting is at 3pm #1618,meeting 3pm,neutral,1
ok thanks #9076,ok thanks,neutral,1
this made my day #194,make day,positive,2
totally disappointed with this #1932,totally disappointed,negative,0
best day ever #9297,best day ever,positive,2
totally disappointed with this #9687,totally disappointed,negative,0
the meeting is at 3pm #9902,meeting 3pm,neutral,1
best day ever #393,best day ever,positive,2
this is awful #3013,awful,negative,0
loving this so much #3033,love much,positive,2
best day ever #1121,best day ever,positive,2
waste of time #8668,waste time,negative,0
fantastic support team #3092,fantastic support team,positive,2
terrible quality #533,terrible quality,negative,0
as expected #2407,expect,neutral,1
great experience #3191,great experience,positive,2
fantastic support team #7634,fantastic support team,positive,2
so happy with this #3909,happy,positive,2
best day ever #3369,best day ever,positive,2
waste of time #8967,waste time,negative,0
this is awful #8421,awful,negative,0
so happy with this #7149,happy,positive,2
great experience #868,great experience,positive,2
waste of time #9026,waste time,negative,0
highly recommend #6590,highly recommend,positive,2
this made my day #4196,make day,positive,2
as expected #6777,expect,neutral,1
this made my day #568,make day,positive,2
excellent quality #3396,excellent quality,positive,2
this made my day #4701,make day,positive,2
ok thanks #3138,ok thanks,neutral,1
so happy with this #8654,happy,positive,2
the meeting is at 3pm #4652,meeting 3pm,neutral,1
loving this so much #9068,love much,positive,2
worst experience ever #6860,bad experience ever,negative,0
terrible quality #3641,terrible quality,negative,0
loving this so much #3765,love much,positive,2
loving this so much #312,love much,positive,2
will follow up later #7298,follow later,neutral,1
this made my day #9153,make day,positive,2
totally disappointed with this #5984,totally disappointed,negative,0
waste of time #1851,waste time,negative,0
this is awful #3341,awful,negative,0
see you tomorrow #282,see tomorrow,neutral,1
link attached for reference #5,link attach reference,neutral,1
so frustrated right now #6308,frustrate right,negative,0
the meeting is at 3pm #2745,meeting 3pm,neutral,1
so happy with this #4065,happy,positive,2
worst experience ever #6218,bad experience ever,negative,0
great experience #2749,great experience,positive,2
loving this so much #2166,love much,positive,2
this is awful #9473,awful,negative,0
will follow up later #3927,follow later,neutral,1
this is awful #6260,awful,negative,0
waste of time #5220,waste time,negative,0
see you tomorrow #4169,see tomorrow,neutral,1
excellent quality #863,excellent quality,positive,2
see you tomorrow #7965,see tomorrow,neutral,1
noted for the record #4319,note record,neutral,1
hate this update #1218,hate update,negative,0
this made my day #6150,make day,positive,2
best day ever #807,best day ever,positive,2
link attached for reference #540,link attach reference,neutral,1
waste of time #1396,waste time,negative,0
totally disappointed with this #3144,totally disappointed,negative,0
the meeting is at 3pm #5324,meeting 3pm,neutral,1
standard procedure #308,standard procedure,neutral,1
link attached for reference #8666,link attach reference,neutral,1
link attached for reference #3802,link attach reference,neutral,1
this is awful #3606,awful,negative,0
this is awful #2574,awful,negative,0
loving this so much #1844,love much,positive,2
terrible quality #6331,terrible quality,negative,0
noted for the record #4524,note record,neutral,1
great experience #2709,great experience,positive,2
so frustrated right now #9903,frustrate right,negative,0
link attached for reference #6825,link attach reference,neutral,1
fantastic support team #4789,fantastic support team,positive,2
fantastic support team #6594,fantastic support team,positive,2
hate this update #6034,hate update,negative,0
so frustrated right now #1397,frustrate right,negative,0
hate this update #5618,hate update,negative,0
waste of time #3109,waste time,negative,0
terrible quality #1310,terrible quality,negative,0
link attached for reference #6794,link attach reference,neutral,1
this made my day #8794,make day,positive,2
noted for the record #935,note record,neutral,1
terrible quality #4760,terrible quality,negative,0
great experience #2301,great experience,positive,2
best day ever #843,best day ever,positive,2
as expected #9307,expect,neutral,1
this made my day #1989,make day,positive,2
ok thanks #4224,ok thanks,neutral,1
standard procedure #5967,standard procedure,neutral,1
standard procedure #8589,standard procedure,neutral,1
this made my day #7072,make day,positive,2
terrible quality #1982,terrible quality,negative,0
excellent quality #327,excellent quality,positive,2
this made my day #9370,make day,positive,2
worst experience ever #1219,bad experience ever,negative,0
link attached for reference #9799,link attach reference,neutral,1
highly recommend #4198,highly recommend,positive,2
noted for the record #8355,note record,neutral,1
hate this update #124,hate update,negative,0
terrible quality #9529,terrible quality,negative,0
highly recommend #298,highly recommend,positive,2
would not recommend #5307,would recommend,negative,0
the meeting is at 3pm #1027,meeting 3pm,neutral,1
great experience #9701,great experience,positive,2
excellent quality #4243,excellent quality,positive,2
would not recommend #75,would recommend,negative,0
terrible quality #9206,terrible quality,negative,0
excellent quality #8794,excellent quality,positive,2
loving this so much #2756,love much,positive,2
worst experience ever #6163,bad experience ever,negative,0
so happy with this #9399,happy,positive,2
great experience #1412,great experience,positive,2
excellent quality #3646,excellent quality,positive,2
totally disappointed with this #1484,totally disappointed,negative,0
highly recommend #5383,highly recommend,positive,2
standard procedure #7429,standard procedure,neutral,1
the meeting is at 3pm #9097,meeting 3pm,neutral,1
so happy with this #7878,happy,positive,2
this made my day #4835,make day,positive,2
so happy with this #1017,happy,positive,2
so frustrated right now #3833,frustrate right,negative,0
loving this so much #4274,love much,positive,2
as expected #2627,expect,neutral,1
totally disappointed with this #8513,totally disappointed,negative,0
so frustrated right now #1612,frustrate right,negative,0
excellent quality #8102,excellent quality,positive,2
worst experience ever #5188,bad experience ever,negative,0
loving this so much #636,love much,positive,2
loving this so much #5673,love much,positive,2
the meeting is at 3pm #7640,meeting 3pm,neutral,1
standard procedure #4717,standard procedure,neutral,1
waste of time #7749,waste time,negative,0
noted for the record #6714,note record,neutral,1
the meeting is at 3pm #686,meeting 3pm,neutral,1
waste of time #9378,waste time,negative,0
fantastic support team #399,fantastic support team,positive,2
best day ever #9881,best day ever,positive,2
link attached for reference #5250,link attach reference,neutral,1
loving this so much #6185,love much,positive,2
as expected #4068,expect,neutral,1
this is awful #4544,awful,negative,0
fantastic support team #9620,fantastic support team,positive,2
fantastic support team #4323,fantastic support team,positive,2
as expected #5635,expect,neutral,1
totally disappointed with this #989,totally disappointed,negative,0
link attached for reference #1699,link attach reference,neutral,1
the meeting is at 3pm #6061,meeting 3pm,neutral,1
link attached for reference #7984,link attach reference,neutral,1
noted for the record #7297,note record,neutral,1
worst experience ever #5404,bad experience ever,negative,0
this made my day #8242,make day,positive,2
would not recommend #1660,would recommend,negative,0
link attached for reference #164,link attach reference,neutral,1
waste of time #7176,waste time,negative,0
waste of time #9698,waste time,negative,0
so happy with this #2184,happy,positive,2
highly recommend #4229,highly recommend,positive,2
hate this update #5559,hate update,negative,0
best day ever #7170,best day ever,positive,2
the meeting is at 3pm #3878,meeting 3pm,neutral,1
terrible quality #5036,terrible quality,negative,0
so happy with this #1237,happy,positive,2
best day ever #2775,best day ever,positive,2
fantastic support team #4097,fantastic support team,positive,2
totally disappointed with this #7057,totally disappointed,negative,0
great experience #518,great experience,positive,2
link attached for reference #642,link attach reference,neutral,1
loving this so much #2734,love much,positive,2
noted for the record #4639,note record,neutral,1
will follow up later #3940,follow later,neutral,1
hate this update #3699,hate update,negative,0
so happy with this #932,happy,positive,2
so happy with this #3880,happy,positive,2
terrible quality #8222,terrible quality,negative,0
noted for the record #7534,note record,neutral,1
loving this so much #7414,love much,positive,2
fantastic support team #5059,fantastic support team,positive,2
standard procedure #4553,standard procedure,neutral,1
terrible quality #605,terrible quality,negative,0
highly recommend #9590,highly recommend,positive,2
ok thanks #2062,ok thanks,neutral,1
as expected #3551,expect,neutral,1
standard procedure #6838,standard procedure,neutral,1
waste of time #4582,waste time,negative,0
standard procedure #9086,standard procedure,neutral,1
fantastic support team #1274,fantastic support team,positive,2
will follow up later #2027,follow later,neutral,1
noted for the record #4290,note record,neutral,1
loving this so much #8157,love much,positive,2
would not recommend #8262,would recommend,negative,0
see you tomorrow #3688,see tomorrow,neutral,1
worst experience ever #1729,bad experience ever,negative,0
best day ever #6858,best day ever,positive,2
link attached for reference #2865,link attach reference,neutral,1
excellent quality #9242,excellent quality,positive,2
link attached for reference #9908,link attach reference,neutral,1
hate this update #8674,hate update,negative,0
the meeting is at 3pm #5796,meeting 3pm,neutral,1
this is awful #904,awful,negative,0
hate this update #1016,hate update,negative,0
noted for the record #4892,note record,neutral,1
so happy with this #1737,happy,positive,2
as expected #1458,expect,neutral,1
see you tomorrow #8955,see tomorrow,neutral,1
link attached for reference #6927,link attach reference,neutral,1
ok thanks #1465,ok thanks,neutral,1
highly recommend #3216,highly recommend,positive,2
see you tomorrow #8239,see tomorrow,neutral,1
loving this so much #2342,love much,positive,2
loving this so much #5203,love much,positive,2
loving this so much #8129,love much,positive,2
so frustrated right now #7496,frustrate right,negative,0
this is awful #9756,awful,negative,0
worst experience ever #3123,bad experience ever,negative,0
the meeting is at 3pm #8757,meeting 3pm,neutral,1
link attached for reference #7983,link attach reference,neutral,1
noted for the record #751,note record,neutral,1
the meeting is at 3pm #9300,meeting 3pm,neutral,1
highly recommend #5638,highly recommend,positive,2
so happy with this #3180,happy,positive,2
this made my day #6355,make day,positive,2
hate this update #8362,hate update,negative,0
waste of time #6625,waste time,negative,0
best day ever #262,best day ever,positive,2
loving this so much #5933,love much,positive,2
so frustrated right now #4135,frustrate right,negative,0
great experience #2616,great experience,positive,2
highly recommend #1288,highly recommend,positive,2
best day ever #1390,best day ever,positive,2
as expected #8361,expect,neutral,1
highly recommend #2903,highly recommend,positive,2
this is awful #7206,awful,negative,0
great experience #2252,great experience,positive,2
best day ever #4383,best day ever,positive,2
highly recommend #717,highly recommend,positive,2
would not recommend #4861,would recommend,negative,0
loving this so much #5072,love much,positive,2
this is awful #528,awful,negative,0
great experience #8644,great experience,positive,2
waste of time #1923,waste time,negative,0
so frustrated right now #2722,frustrate right,negative,0
loving this so much #9056,love much,positive,2
excellent quality #9051,excellent quality,positive,2
terrible quality #2119,terrible quality,negative,0
would not recommend #2781,would recommend,negative,0
this is awful #4279,awful,negative,0
great experience #5535,great experience,positive,2
will follow up later #9711,follow later,neutral,1
excellent quality #4319,excellent quality,positive,2
this made my day #129,make day,positive,2
totally disappointed with this #9792,totally disappointed,negative,0
highly recommend #9329,highly recommend,positive,2
will follow up later #8144,follow later,neutral,1
ok thanks #935,ok thanks,neutral,1
great experience #3148,great experience,positive,2
so frustrated right now #4710,frustrate right,negative,0
standard procedure #8297,standard procedure,neutral,1
so happy with this #9667,happy,positive,2
terrible quality #583,terrible quality,negative,0
terrible quality #3850,terrible quality,negative,0
fantastic support team #3179,fantastic support team,positive,2
ok thanks #7493,ok thanks,neutral,1
so frustrated right now #6167,frustrate right,negative,0
highly recommend #3440,highly recommend,positive,2
noted for the record #3991,note record,neutral,1
so happy with this #8468,happy,positive,2
worst experience ever #8519,bad experience ever,negative,0
totally disappointed with this #7054,totally disappointed,negative,0
terrible quality #1879,terrible quality,negative,0
so frustrated right now #7278,frustrate right,negative,0
standard procedure #4262,standard procedure,neutral,1
will follow up later #5786,follow later,neutral,1
fantastic support team #6843,fantastic support team,positive,2
see you tomorrow #8897,see tomorrow,neutral,1
link attached for reference #9867,link attach reference,neutral,1
great experience #70,great experience,positive,2
this is awful #1368,awful,negative,0
this is awful #8745,awful,negative,0
noted for the record #9997,note record,neutral,1
as expected #8150,expect,neutral,1
fantastic support team #5064,fantastic support team,positive,2
highly recommend #9375,highly recommend,positive,2
excellent quality #5791,excellent quality,positive,2
link attached for reference #2001,link attach reference,neutral,1
terrible quality #1073,terrible quality,negative,0
this made my day #8095,make day,positive,2
great experience #1615,great experience,positive,2
link attached for reference #4382,link attach reference,neutral,1
great experience #975,great experience,positive,2
totally disappointed with this #451,totally disappointed,negative,0
would not recommend #1628,would recommend,negative,0
loving this so much #2488,love much,positive,2
excellent quality #7054,excellent quality,positive,2
best day ever #9023,best day ever,positive,2
the meeting is at 3pm #8766,meeting 3pm,neutral,1
terrible quality #178,terrible quality,negative,0
best day ever #7513,best day ever,positive,2
loving this so much #8487,love much,positive,2
highly recommend #7456,highly recommend,positive,2
excellent quality #3904,excellent quality,positive,2
hate this update #9125,hate update,negative,0
hate this update #361,hate update,negative,0
excellent quality #389,excellent quality,positive,2
ok thanks #4860,ok thanks,neutral,1
totally disappointed with this #3183,totally disappointed,negative,0
ok thanks #1410,ok thanks,neutral,1
excellent quality #3779,excellent quality,positive,2
best day ever #2930,best day ever,positive,2
this is awful #4379,awful,negative,0
so frustrated right now #5348,frustrate right,negative,0
best day ever #1063,best day ever,positive,2
so frustrated right now #4460,frustrate right,negative,0
as expected #6431,expect,neutral,1
link attached for reference #9349,link attach reference,neutral,1
see you tomorrow #1169,see tomorrow,neutral,1
excellent quality #3220,excellent quality,positive,2
loving this so much #1904,love much,positive,2
excellent quality #4209,excellent quality,positive,2
as expected #2283,expect,neutral,1
will follow up later #5688,follow later,neutral,1
noted for the record #3859,note record,neutral,1
so frustrated right now #848,frustrate right,negative,0
as expected #1307,expect,neutral,1
as expected #1929,expect,neutral,1
loving this so much #4267,love much,positive,2
hate this update #1857,hate update,negative,0
fantastic support team #5677,fantastic support team,positive,2
best day ever #5113,best day ever,positive,2
see you tomorrow #8497,see tomorrow,neutral,1
as expected #6972,expect,neutral,1
loving this so much #2377,love much,positive,2
worst experience ever #8803,bad experience ever,negative,0
best day ever #737,best day ever,positive,2
would not recommend #10,would recommend,negative,0
will follow up later #4325,follow later,neutral,1
would not recommend #2366,would recommend,negative,0
highly recommend #5072,highly recommend,positive,2
great experience #8216,great experience,positive,2
see you tomorrow #2968,see tomorrow,neutral,1
excellent quality #7558,excellent quality,positive,2
great experience #6806,great experience,positive,2
this made my day #6852,make day,positive,2
terrible quality #8511,terrible quality,negative,0
will follow up later #5748,follow later,neutral,1
so frustrated right now #5202,frustrate right,negative,0
totally disappointed with this #7348,totally disappointed,negative,0
noted for the record #1754,note record,neutral,1
excellent quality #8217,excellent quality,positive,2
great experience #6660,great experience,positive,2
terrible quality #1946,terrible quality,negative,0
link attached for reference #4627,link attach reference,neutral,1
loving this so much #9713,love much,positive,2
would not recommend #8297,would recommend,negative,0
fantastic support team #6025,fantastic support team,positive,2
waste of time #489,waste time,negative,0
great experience #9023,great experience,positive,2
worst experience ever #9157,bad experience ever,negative,0
totally disappointed with this #8089,totally disappointed,negative,0
totally disappointed with this #3224,totally disappointed,negative,0
would not recommend #9553,would recommend,negative,0
so frustrated right now #3464,frustrate right,negative,0
standard procedure #9223,standard procedure,neutral,1
the meeting is at 3pm #807,meeting 3pm,neutral,1
fantastic support team #9788,fantastic support team,positive,2
loving this so much #8158,love much,positive,2
totally disappointed with this #8464,totally disappointed,negative,0
worst experience ever #4727,bad experience ever,negative,0
so happy with this #3386,happy,positive,2
noted for the record #2244,note record,neutral,1
see you tomorrow #2013,see tomorrow,neutral,1
the meeting is at 3pm #9233,meeting 3pm,neutral,1
excellent quality #616,excellent quality,positive,2
noted for the record #2660,note record,neutral,1
totally disappointed with this #2121,totally disappointed,negative,0
standard procedure #3297,standard procedure,neutral,1
hate this update #8989,hate update,negative,0
this is awful #3162,awful,negative,0
so happy with this #1615,happy,positive,2
noted for the record #7605,note record,neutral,1
waste of time #1997,waste time,negative,0
totally disappointed with this #6501,totally disappointed,negative,0
the meeting is at 3pm #1979,meeting 3pm,neutral,1
noted for the record #158,note record,neutral,1
would not recommend #1256,would recommend,negative,0
worst experience ever #927,bad experience ever,negative,0
the meeting is at 3pm #2885,meeting 3pm,neutral,1
this is awful #5687,awful,negative,0
link attached for reference #6301,link attach reference,neutral,1
worst experience ever #950,bad experience ever,negative,0
best day ever #5985,best day ever,positive,2
best day ever #625,best day ever,positive,2
excellent quality #2414,excellent quality,positive,2
worst experience ever #2832,bad experience ever,negative,0
standard procedure #8420,standard procedure,neutral,1
so happy with this #4683,happy,positive,2
see you tomorrow #4718,see tomorrow,neutral,1
loving this so much #9879,love much,positive,2
standard procedure #325,standard procedure,neutral,1
this made my day #2010,make day,positive,2
worst experience ever #5614,bad experience ever,negative,0
highly recommend #6474,highly recommend,positive,2
so frustrated right now #8013,frustrate right,negative,0
link attached for reference #7278,link attach reference,neutral,1
excellent quality #7424,excellent quality,positive,2
link attached for reference #8027,link attach reference,neutral,1
standard procedure #3335,standard procedure,neutral,1
so happy with this #4156,happy,positive,2
best day ever #7257,best day ever,positive,2
standard procedure #4940,standard procedure,neutral,1
terrible quality #2706,terrible quality,negative,0
so happy with this #5059,happy,positive,2
as expected #6573,expect,neutral,1
ok thanks #7248,ok thanks,neutral,1
see you tomorrow #7975,see tomorrow,neutral,1
best day ever #1256,best day ever,positive,2
ok thanks #1479,ok thanks,neutral,1
this is awful #211,awful,negative,0
best day ever #8865,best day ever,positive,2
this made my day #4390,make day,positive,2
ok thanks #8244,ok thanks,neutral,1
highly recommend #9522,highly recommend,positive,2
worst experience ever #3330,bad experience ever,negative,0
so frustrated right now #6481,frustrate right,negative,0
this is awful #7838,awful,negative,0
so frustrated right now #6683,frustrate right,negative,0
this made my day #983,make day,positive,2
this is awful #7838,awful,negative,0
link attached for reference #7908,link attach reference,neutral,1
so happy with this #569,happy,positive,2
noted for the record #995,note record,neutral,1
standard procedure #4583,standard procedure,neutral,1
great experience #5597,great experience,positive,2
this is awful #8607,awful,negative,0
ok thanks #4285,ok thanks,neutral,1
as expected #351,expect,neutral,1
terrible quality #5072,terrible quality,negative,0
loving this so much #1014,love much,positive,2
noted for the record #8752,note record,neutral,1
as expected #5452,expect,neutral,1
loving this so much #4953,love much,positive,2
best day ever #3070,best day ever,positive,2
totally disappointed with this #8390,totally disappointed,negative,0
as expected #123,expect,neutral,1
worst experience ever #2843,bad experience ever,negative,0
highly recommend #795,highly recommend,positive,2
would not recommend #6747,would recommend,negative,0
great experience #6519,great experience,positive,2
so frustrated right now #6395,frustrate right,negative,0
highly recommend #3538,highly recommend,positive,2
the meeting is at 3pm #1697,meeting 3pm,neutral,1
as expected #9662,expect,neutral,1
this is awful #545,awful,negative,0
hate this update #3424,hate update,negative,0
see you tomorrow #3791,see tomorrow,neutral,1
this made my day #2776,make day,positive,2
best day ever #5575,best day ever,positive,2
fantastic support team #3799,fantastic support team,positive,2
ok thanks #162,ok thanks,neutral,1
this is awful #7840,awful,negative,0
loving this so much #1433,love much,positive,2
will follow up later #5286,follow later,neutral,1
totally disappointed with this #9330,totally disappointed,negative,0
terrible quality #4649,terrible quality,negative,0
this is awful #9160,awful,negative,0
so happy with this #3176,happy,positive,2
the meeting is at 3pm #2472,meeting 3pm,neutral,1
this made my day #5675,make day,positive,2
this made my day #8115,make day,positive,2
great experience #2780,great experience,positive,2
highly recommend #8019,highly recommend,positive,2
the meeting is at 3pm #4495,meeting 3pm,neutral,1
totally disappointed with this #8326,totally disappointed,negative,0
will follow up later #7718,follow later,neutral,1
standard procedure #8117,standard procedure,neutral,1
excellent quality #2813,excellent quality,positive,2
fantastic support team #1339,fantastic support team,positive,2
as expected #7088,expect,neutral,1
see you tomorrow #8466,see tomorrow,neutral,1
best day ever #1954,best day ever,positive,2
so frustrated right now #1403,frustrate right,negative,0
terrible quality #3283,terrible quality,negative,0
link attached for reference #8929,link attach reference,neutral,1
worst experience ever #3019,bad experience ever,negative,0
waste of time #2658,waste time,negative,0
fantastic support team #8216,fantastic support team,positive,2
would not recommend #2542,would recommend,negative,0
as expected #2793,expect,neutral,1
as expected #237,expect,neutral,1
great experience #3426,great experience,positive,2
totally disappointed with this #7296,totally disappointed,negative,0
terrible quality #7746,terrible quality,negative,0
terrible quality #2187,terrible quality,negative,0
best day ever #7068,best day ever,positive,2
this made my day #8727,make day,positive,2
as expected #5638,expect,neutral,1
worst experience ever #4806,bad experience ever,negative,0
standard procedure #6261,standard procedure,neutral,1
waste of time #9405,waste time,negative,0
excellent quality #671,excellent quality,positive,2
will follow up later #1086,follow later,neutral,1
this is awful #4000,awful,negative,0
ok thanks #2217,ok thanks,neutral,1
highly recommend #162,highly recommend,positive,2
the meeting is at 3pm #9410,meeting 3pm,neutral,1
this is awful #5308,awful,negative,0
noted for the record #8442,note record,neutral,1
link attached for reference #9192,link attach reference,neutral,1
ok thanks #9829,ok thanks,neutral,1
hate this update #146,hate update,negative,0
terrible quality #4345,terrible quality,negative,0
this is awful #5206,awful,negative,0
this made my day #6534,make day,positive,2
standard procedure #2235,standard procedure,neutral,1
totally disappointed with this #5007,totally disappointed,negative,0
standard procedure #3321,standard procedure,neutral,1
best day ever #2192,best day ever,positive,2
as expected #3737,expect,neutral,1
highly recommend #3438,highly recommend,positive,2
great experience #9976,great experience,positive,2
totally disappointed with this #5346,totally disappointed,negative,0
worst experience ever #54,bad experience ever,negative,0
highly recommend #3146,highly recommend,positive,2
link attached for reference #740,link attach reference,neutral,1
excellent quality #522,excellent quality,positive,2
ok thanks #663,ok thanks,neutral,1
waste of time #5157,waste time,negative,0
great experience #8771,great experience,positive,2
standard procedure #9910,standard procedure,neutral,1
waste of time #2645,waste time,negative,0
fantastic support team #5347,fantastic support team,positive,2
worst experience ever #1964,bad experience ever,negative,0
standard procedure #533,standard procedure,neutral,1
fantastic support team #4806,fantastic support team,positive,2
see you tomorrow #8748,see tomorrow,neutral,1
ok thanks #5275,ok thanks,neutral,1
so frustrated right now #1605,frustrate right,negative,0
so happy with this #1273,happy,positive,2
this made my day #9942,make day,positive,2
worst experience ever #4650,bad experience ever,negative,0
totally disappointed with this #4939,totally disappointed,negative,0
see you tomorrow #552,see tomorrow,neutral,1
will follow up later #9425,follow later,neutral,1
so happy with this #2015,happy,positive,2
highly recommend #6880,highly recommend,positive,2
this is awful #1542,awful,negative,0
hate this update #5237,hate update,negative,0
see you tomorrow #8027,see tomorrow,neutral,1
would not recommend #4423,would recommend,negative,0
the meeting is at 3pm #8341,meeting 3pm,neutral,1
this made my day #1730,make day,positive,2
excellent quality #8828,excellent quality,positive,2
excellent quality #1393,excellent quality,positive,2
ok thanks #2551,ok thanks,neutral,1
great experience #3655,great experience,positive,2
ok thanks #3143,ok thanks,neutral,1
excellent quality #952,excellent quality,positive,2
excellent quality #5231,excellent quality,positive,2
so happy with this #6427,happy,positive,2
fantastic support team #3643,fantastic support team,positive,2
totally disappointed with this #6470,totally disappointed,negative,0
great experience #9960,great experience,positive,2
totally disappointed with this #4192,totally disappointed,negative,0
this made my day #9258,make day,positive,2
best day ever #3442,best day ever,positive,2
great experience #6981,great experience,positive,2
standard procedure #1866,standard procedure,neutral,1
best day ever #4954,best day ever,positive,2
noted for the record #7471,note record,neutral,1
standard procedure #1474,standard procedure,neutral,1
waste of time #4031,waste time,negative,0
will follow up later #977,follow later,neutral,1
fantastic support team #2200,fantastic support team,positive,2
best day ever #8422,best day ever,positive,2
ok thanks #2021,ok thanks,neutral,1
see you tomorrow #9329,see tomorrow,neutral,1
worst experience ever #7936,bad experience ever,negative,0
so happy with this #9190,happy,positive,2
so frustrated right now #8970,frustrate right,negative,0
excellent quality #202,excellent quality,positive,2
fantastic support team #8521,fantastic support team,positive,2
excellent quality #6952,excellent quality,positive,2
this is awful #7773,awful,negative,0
great experience #7128,great experience,positive,2
loving this so much #6088,love much,positive,2
terrible quality #5626,terrible quality,negative,0
as expected #6584,expect,neutral,1
hate this update #7774,hate update,negative,0
this is awful #296,awful,negative,0
best day ever #2464,best day ever,positive,2
loving this so much #9278,love much,positive,2
loving this so much #576,love much,positive,2
highly recommend #5449,highly recommend,positive,2
totally disappointed with this #1753,totally disappointed,negative,0
excellent quality #7822,excellent quality,positive,2
great experience #2995,great experience,positive,2
great experience #3317,great experience,positive,2
would not recommend #5160,would recommend,negative,0
would not recommend #4687,would recommend,negative,0
see you tomorrow #399,see tomorrow,neutral,1
this made my day #1297,make day,positive,2
hate this update #7447,hate update,negative,0
link attached for reference #120,link attach reference,neutral,1
fantastic support team #5905,fantastic support team,positive,2
waste of time #8082,waste time,negative,0
standard procedure #2633,standard procedure,neutral,1
link attached for reference #1042,link attach reference,neutral,1
link attached for reference #1535,link attach reference,neutral,1
so happy with this #3112,happy,positive,2
noted for the record #7510,note record,neutral,1
link attached for reference #9216,link attach reference,neutral,1
this is awful #5809,awful,negative,0
highly recommend #4835,highly recommend,positive,2
as expected #2138,expect,neutral,1
as expected #5057,expect,neutral,1
as expected #1308,expect,neutral,1
the meeting is at 3pm #9876,meeting 3pm,neutral,1
worst experience ever #2068,bad experience ever,negative,0
as expected #7952,expect,neutral,1
will follow up later #9621,follow later,neutral,1
the meeting is at 3pm #2950,meeting 3pm,neutral,1
terrible quality #7115,terrible quality,negative,0
link attached for reference #5711,link attach reference,neutral,1
link attached for reference #8509,link attach reference,neutral,1
standard procedure #1194,standard procedure,neutral,1
see you tomorrow #4682,see tomorrow,neutral,1
fantastic support team #3323,fantastic support team,positive,2
will follow up later #1151,follow later,neutral,1
loving this so much #7705,love much,positive,2
the meeting is at 3pm #4721,meeting 3pm,neutral,1
so frustrated right now #7311,frustrate right,negative,0
this made my day #9858,make day,positive,2
see you tomorrow #1272,see tomorrow,neutral,1
highly recommend #3902,highly recommend,positive,2
the meeting is at 3pm #1553,meeting 3pm,neutral,1
highly recommend #3927,highly recommend,positive,2
highly recommend #4511,highly recommend,positive,2
worst experience ever #3741,bad experience ever,negative,0
ok thanks #7701,ok thanks,neutral,1
noted for the record #5748,note record,neutral,1
totally disappointed with this #8377,totally disappointed,negative,0
worst experience ever #7389,bad experience ever,negative,0
this is awful #8973,awful,negative,0
excellent quality #5118,excellent quality,positive,2
so frustrated right now #1003,frustrate right,negative,0
standard procedure #8178,standard procedure,neutral,1
link attached for reference #118,link attach reference,neutral,1
loving this so much #8690,love much,positive,2
link attached for reference #9256,link attach reference,neutral,1
great experience #6200,great experience,positive,2
as expected #4776,expect,neutral,1
worst experience ever #8347,bad experience ever,negative,0
highly recommend #9542,highly recommend,positive,2
so frustrated right now #7847,frustrate right,negative,0
as expected #978,expect,neutral,1
the meeting is at 3pm #2711,meeting 3pm,neutral,1
see you tomorrow #6415,see tomorrow,neutral,1
so happy with this #7609,happy,positive,2
highly recommend #3500,highly recommend,positive,2
standard procedure #3013,standard procedure,neutral,1
would not recommend #2835,would recommend,negative,0
excellent quality #8833,excellent quality,positive,2
this made my day #940,make day,positive,2
will follow up later #8836,follow later,neutral,1
would not recommend #9251,would recommend,negative,0
hate this update #2385,hate update,negative,0
excellent quality #9443,excellent quality,positive,2
noted for the record #8599,note record,neutral,1
great experience #4800,great experience,positive,2
ok thanks #3944,ok thanks,neutral,1
as expected #8850,expect,neutral,1
would not recommend #2648,would recommend,negative,0
worst experience ever #9766,bad experience ever,negative,0
best day ever #2219,best day ever,positive,2
best day ever #8828,best day ever,positive,2
the meeting is at 3pm #1770,meeting 3pm,neutral,1
terrible quality #1705,terrible quality,negative,0
standard procedure #1011,standard procedure,neutral,1
highly recommend #711,highly recommend,positive,2
this made my day #4970,make day,positive,2
noted for the record #2327,note record,neutral,1
worst experience ever #1468,bad experience ever,negative,0
see you tomorrow #2040,see tomorrow,neutral,1
will follow up later #8625,follow later,neutral,1
best day ever #7957,best day ever,positive,2
terrible quality #2018,terrible quality,negative,0
noted for the record #6143,note record,neutral,1
this is awful #6479,awful,negative,0
this made my day #1718,make day,positive,2
so frustrated right now #8043,frustrate right,negative,0
excellent quality #8510,excellent quality,positive,2
so frustrated right now #2083,frustrate right,negative,0
this is awful #5846,awful,negative,0
worst experience ever #3985,bad experience ever,negative,0
standard procedure #7050,standard procedure,neutral,1
will follow up later #5539,follow later,neutral,1
link attached for reference #9448,link attach reference,neutral,1
highly recommend #9956,highly recommend,positive,2
great experience #8544,great experience,positive,2
link attached for reference #9039,link attach reference,neutral,1
ok thanks #473,ok thanks,neutral,1
would not recommend #5047,would recommend,negative,0
so frustrated right now #8673,frustrate right,negative,0
as expected #1976,expect,neutral,1
hate this update #5146,hate update,negative,0
hate this update #8728,hate update,negative,0
loving this so much #8215,love much,positive,2
great experience #9187,great experience,positive,2
so frustrated right now #7611,frustrate right,negative,0
waste of time #3969,waste time,negative,0
link attached for reference #4683,link attach reference,neutral,1
worst experience ever #1346,bad experience ever,negative,0
link attached for reference #4505,link attach reference,neutral,1
will follow up later #9531,follow later,neutral,1
so happy with this #9269,happy,positive,2
waste of time #6684,waste time,negative,0
standard procedure #3951,standard procedure,neutral,1
fantastic support team #164,fantastic support team,positive,2
excellent quality #8675,excellent quality,positive,2
so happy with this #6295,happy,positive,2
the meeting is at 3pm #6645,meeting 3pm,neutral,1
hate this update #9238,hate update,negative,0
this is awful #1157,awful,negative,0
terrible quality #5250,terrible quality,negative,0
see you tomorrow #6549,see tomorrow,neutral,1
this made my day #4471,make day,positive,2
loving this so much #2280,love much,positive,2
hate this update #1379,hate update,negative,0
great experience #8018,great experience,positive,2
the meeting is at 3pm #3665,meeting 3pm,neutral,1
the meeting is at 3pm #3522,meeting 3pm,neutral,1
excellent quality #9538,excellent quality,positive,2
best day ever #7519,best day ever,positive,2
will follow up later #5570,follow later,neutral,1
as expected #9679,expect,neutral,1
best day ever #7404,best day ever,positive,2
highly recommend #3455,highly recommend,positive,2
waste of time #1154,waste time,negative,0
this is awful #3709,awful,negative,0
see you tomorrow #9173,see tomorrow,neutral,1
so happy with this #5523,happy,positive,2
loving this so much #5812,love much,positive,2
link attached for reference #4100,link attach reference,neutral,1
highly recommend #1597,highly recommend,positive,2
noted for the record #7166,note record,neutral,1
the meeting is at 3pm #7472,meeting 3pm,neutral,1
ok thanks #1951,ok thanks,neutral,1
so frustrated right now #4081,frustrate right,negative,0
highly recommend #5600,highly recommend,positive,2
as expected #8947,expect,neutral,1
waste of time #4564,waste time,negative,0
ok thanks #3715,ok thanks,neutral,1
this is awful #3253,awful,negative,0
noted for the record #459,note record,neutral,1
so frustrated right now #7269,frustrate right,negative,0
hate this update #9588,hate update,negative,0
highly recommend #6409,highly recommend,positive,2
ok thanks #7922,ok thanks,neutral,1
best day ever #6478,best day ever,positive,2
the meeting is at 3pm #3208,meeting 3pm,neutral,1
link attached for reference #6904,link attach reference,neutral,1
see you tomorrow #8880,see tomorrow,neutral,1
totally disappointed with this #5570,totally disappointed,negative,0
hate this update #7614,hate update,negative,0
hate this update #2409,hate update,negative,0
best day ever #6763,best day ever,positive,2
see you tomorrow #6141,see tomorrow,neutral,1
worst experience ever #5724,bad experience ever,negative,0
highly recommend #7174,highly recommend,positive,2
so frustrated right now #9866,frustrate right,negative,0
will follow up later #2750,follow later,neutral,1
this made my day #1542,make day,positive,2
see you tomorrow #4042,see tomorrow,neutral,1
great experience #8900,great experience,positive,2
would not recommend #4895,would recommend,negative,0
fantastic support team #805,fantastic support team,positive,2
see you tomorrow #9850,see tomorrow,neutral,1
hate this update #7686,hate update,negative,0
link attached for reference #2545,link attach reference,neutral,1
worst experience ever #9593,bad experience ever,negative,0
great experience #2669,great experience,positive,2
highly recommend #3271,highly recommend,positive,2
ok thanks #9780,ok thanks,neutral,1
so happy with this #7993,happy,positive,2
excellent quality #2506,excellent quality,positive,2
link attached for reference #7202,link attach reference,neutral,1
highly recommend #1134,highly recommend,positive,2
as expected #2496,expect,neutral,1
highly recommend #3963,highly recommend,positive,2
highly recommend #5248,highly recommend,positive,2
so happy with this #1198,happy,positive,2
see you tomorrow #4979,see tomorrow,neutral,1
as expected #9395,expect,neutral,1
loving this so much #8789,love much,positive,2
ok thanks #4021,ok thanks,neutral,1
see you tomorrow #9970,see tomorrow,neutral,1
terrible quality #5674,terrible quality,negative,0
waste of time #5365,waste time,negative,0
as expected #2739,expect,neutral,1
hate this update #6804,hate update,negative,0
link attached for reference #1059,link attach reference,neutral,1
this is awful #4779,awful,negative,0
highly recommend #449,highly recommend,positive,2
so frustrated right now #8956,frustrate right,negative,0
so frustrated right now #8602,frustrate right,negative,0
ok thanks #5935,ok thanks,neutral,1
waste of time #1438,waste time,negative,0
totally disappointed with this #3810,totally disappointed,negative,0
this made my day #4392,make day,positive,2
worst experience ever #8654,bad experience ever,negative,0
worst experience ever #6689,bad experience ever,negative,0
link attached for reference #5312,link attach reference,neutral,1
hate this update #7102,hate update,negative,0
waste of time #1627,waste time,negative,0
loving this so much #2440,love much,positive,2
standard procedure #3397,standard procedure,neutral,1
so frustrated right now #3413,frustrate right,negative,0
this made my day #1841,make day,positive,2
link attached for reference #4200,link attach reference,neutral,1
worst experience ever #3923,bad experience ever,negative,0
so happy with this #2999,happy,positive,2
as expected #904,expect,neutral,1
terrible quality #2442,terrible quality,negative,0
standard procedure #2463,standard procedure,neutral,1
see you tomorrow #3918,see tomorrow,neutral,1
hate this update #6408,hate update,negative,0
excellent quality #373,excellent quality,positive,2
excellent quality #9398,excellent quality,positive,2
best day ever #615,best day ever,positive,2
best day ever #5461,best day ever,positive,2
great experience #2448,great experience,positive,2
worst experience ever #720,bad experience ever,negative,0
this made my day #3480,make day,positive,2
standard procedure #2456,standard procedure,neutral,1
this made my day #763,make day,positive,2
link attached for reference #8381,link attach reference,neutral,1
so frustrated right now #1269,frustrate right,negative,0
will follow up later #9890,follow later,neutral,1
hate this update #3171,hate update,negative,0
the meeting is at 3pm #8863,meeting 3pm,neutral,1
worst experience ever #6656,bad experience ever,negative,0
highly recommend #5851,highly recommend,positive,2
see you tomorrow #1506,see tomorrow,neutral,1
worst experience ever #3975,bad experience ever,negative,0
this is awful #844,awful,negative,0
this is awful #4379,awful,negative,0
highly recommend #6845,highly recommend,positive,2
great experience #5526,great experience,positive,2
best day ever #4333,best day ever,positive,2
see you tomorrow #9228,see tomorrow,neutral,1
ok thanks #8463,ok thanks,neutral,1
link attached for reference #9318,link attach reference,neutral,1
link attached for reference #5333,link attach reference,neutral,1
this made my day #8600,make day,positive,2
this is awful #6337,awful,negative,0
the meeting is at 3pm #7237,meeting 3pm,neutral,1
see you tomorrow #1813,see tomorrow,neutral,1
the meeting is at 3pm #4684,meeting 3pm,neutral,1
this is awful #655,awful,negative,0
this made my day #5988,make day,positive,2
as expected #9585,expect,neutral,1
waste of time #248,waste time,negative,0
link attached for reference #7718,link attach reference,neutral,1
this is awful #6107,awful,negative,0
excellent quality #7582,excellent quality,positive,2
hate this update #8212,hate update,negative,0
as expected #4622,expect,neutral,1
ok thanks #7117,ok thanks,neutral,1
noted for the record #4462,note record,neutral,1
this is awful #6534,awful,negative,0
so frustrated right now #7783,frustrate right,negative,0
terrible quality #1171,terrible quality,negative,0
so happy with this #1096,happy,positive,2
so happy with this #2573,happy,positive,2
would not recommend #8605,would recommend,negative,0
loving this so much #4745,love much,positive,2
highly recommend #7423,highly recommend,positive,2
this made my day #1096,make day,positive,2
so frustrated right now #1034,frustrate right,negative,0
worst experience ever #7649,bad experience ever,negative,0
as expected #5978,expect,neutral,1
so frustrated right now #603,frustrate right,negative,0
great experience #7729,great experience,positive,2
will follow up later #4144,follow later,neutral,1
see you tomorrow #3854,see tomorrow,neutral,1
worst experience ever #7486,bad experience ever,negative,0
loving this so much #2840,love much,positive,2
link attached for reference #3827,link attach reference,neutral,1
this made my day #9640,make day,positive,2
highly recommend #443,highly recommend,positive,2
best day ever #4448,best day ever,positive,2
so happy with this #4955,happy,positive,2
as expected #8866,expect,neutral,1
noted for the record #8351,note record,neutral,1
will follow up later #9595,follow later,neutral,1
the meeting is at 3pm #1981,meeting 3pm,neutral,1
so frustrated right now #9033,frustrate right,negative,0
loving this so much #2798,love much,positive,2
so happy with this #9289,happy,positive,2
worst experience ever #7944,bad experience ever,negative,0
hate this update #3771,hate update,negative,0
waste of time #969,waste time,negative,0
so happy with this #1334,happy,positive,2
as expected #3385,expect,neutral,1
so frustrated right now #3464,frustrate right,negative,0
fantastic support team #2378,fantastic support team,positive,2
highly recommend #7678,highly recommend,positive,2
the meeting is at 3pm #7467,meeting 3pm,neutral,1
excellent quality #1072,excellent quality,positive,2
this made my day #1431,make day,positive,2
highly recommend #5246,highly recommend,positive,2
worst experience ever #8502,bad experience ever,negative,0
so happy with this #2883,happy,positive,2
the meeting is at 3pm #3390,meeting 3pm,neutral,1
great experience #336,great experience,positive,2
this is awful #434,awful,negative,0
loving this so much #2867,love much,positive,2
this made my day #2597,make day,positive,2
fantastic support team #7957,fantastic support team,positive,2
fantastic support team #3797,fantastic support team,positive,2
so happy with this #1634,happy,positive,2
as expected #8543,expect,neutral,1
this made my day #2282,make day,positive,2
so frustrated right now #2839,frustrate right,negative,0
loving this so much #9643,love much,positive,2
this is awful #2603,awful,negative,0
noted for the record #6904,note record,neutral,1
fantastic support team #73,fantastic support team,positive,2
noted for the record #9492,note record,neutral,1
highly recommend #3223,highly recommend,positive,2
excellent quality #4965,excellent quality,positive,2
totally disappointed with this #8521,totally disappointed,negative,0
would not recommend #7648,would recommend,negative,0
great experience #2925,great experience,positive,2
would not recommend #8494,would recommend,negative,0
the meeting is at 3pm #1309,meeting 3pm,neutral,1
loving this so much #8902,love much,positive,2
fantastic support team #5207,fantastic support team,positive,2
would not recommend #3679,would recommend,negative,0
so happy with this #9481,happy,positive,2
loving this so much #6081,love much,positive,2
as expected #2159,expect,neutral,1
as expected #503,expect,neutral,1
totally disappointed with this #1951,totally disappointed,negative,0
ok thanks #1697,ok thanks,neutral,1
so happy with this #8078,happy,positive,2
as expected #4637,expect,neutral,1
fantastic support team #2786,fantastic support team,positive,2
so frustrated right now #998,frustrate right,negative,0
excellent quality #9119,excellent quality,positive,2
the meeting is at 3pm #9955,meeting 3pm,neutral,1
ok thanks #2703,ok thanks,neutral,1
the meeting is at 3pm #8487,meeting 3pm,neutral,1
ok thanks #4118,ok thanks,neutral,1
hate this update #665,hate update,negative,0
worst experience ever #4814,bad experience ever,negative,0
this made my day #7204,make day,positive,2
terrible quality #2176,terrible quality,negative,0
fantastic support team #9796,fantastic support team,positive,2
the meeting is at 3pm #8456,meeting 3pm,neutral,1
so frustrated right now #3210,frustrate right,negative,0
great experience #3843,great experience,positive,2
best day ever #4667,best day ever,positive,2
totally disappointed with this #6008,totally disappointed,negative,0
noted for the record #5391,note record,neutral,1
will follow up later #7183,follow later,neutral,1
waste of time #1451,waste time,negative,0
terrible quality #7346,terrible quality,negative,0
so frustrated right now #7394,frustrate right,negative,0
this is awful #6100,awful,negative,0
link attached for reference #3239,link attach reference,neutral,1
link attached for reference #8505,link attach reference,neutral,1
waste of time #4461,waste time,negative,0
loving this so much #3458,love much,positive,2
worst experience ever #1141,bad experience ever,negative,0
loving this so much #6918,love much,positive,2
worst experience ever #4684,bad experience ever,negative,0
best day ever #9321,best day ever,positive,2
standard procedure #4251,standard procedure,neutral,1
would not recommend #598,would recommend,negative,0
the meeting is at 3pm #4728,meeting 3pm,neutral,1
as expected #3682,expect,neutral,1
the meeting is at 3pm #2458,meeting 3pm,neutral,1
hate this update #7460,hate update,negative,0
so happy with this #4390,happy,positive,2
totally disappointed with this #5907,totally disappointed,negative,0
fantastic support team #49,fantastic support team,positive,2
waste of time #5083,waste time,negative,0
will follow up later #4412,follow later,neutral,1
standard procedure #2533,standard procedure,neutral,1
would not recommend #7579,would recommend,negative,0
would not recommend #6722,would recommend,negative,0
link attached for reference #4236,link attach reference,neutral,1
highly recommend #2066,highly recommend,positive,2
ok thanks #9295,ok thanks,neutral,1
best day ever #2073,best day ever,positive,2
worst experience ever #7739,bad experience ever,negative,0
will follow up later #824,follow later,neutral,1
ok thanks #9385,ok thanks,neutral,1
hate this update #5883,hate update,negative,0
noted for the record #6102,note record,neutral,1
this made my day #9736,make day,positive,2
fantastic support team #2101,fantastic support team,positive,2
will follow up later #9745,follow later,neutral,1
ok thanks #9261,ok thanks,neutral,1
would not recommend #9757,would recommend,negative,0
loving this so much #7867,love much,positive,2
worst experience ever #1238,bad experience ever,negative,0
so happy with this #6403,happy,positive,2
ok thanks #7648,ok thanks,neutral,1
see you tomorrow #4672,see tomorrow,neutral,1
ok thanks #5738,ok thanks,neutral,1
great experience #3666,great experience,positive,2
best day ever #3049,best day ever,positive,2
totally disappointed with this #6728,totally disappointed,negative,0
so happy with this #8784,happy,positive,2
great experience #7899,great experience,positive,2
as expected #6268,expect,neutral,1
this is awful #385,awful,negative,0
excellent quality #4308,excellent quality,positive,2
best day ever #4654,best day ever,positive,2
excellent quality #1489,excellent quality,positive,2
so happy with this #6166,happy,positive,2
ok thanks #8159,ok thanks,neutral,1
see you tomorrow #9133,see tomorrow,neutral,1
noted for the record #5603,note record,neutral,1
totally disappointed with this #1293,totally disappointed,negative,0
hate this update #5420,hate update,negative,0
would not recommend #9124,would recommend,negative,0
standard procedure #6918,standard procedure,neutral,1
would not recommend #1762,would recommend,negative,0
excellent quality #1952,excellent quality,positive,2
see you tomorrow #940,see tomorrow,neutral,1
loving this so much #6284,love much,positive,2
standard procedure #2166,standard procedure,neutral,1
terrible quality #6031,terrible quality,negative,0
ok thanks #1158,ok thanks,neutral,1
hate this update #5810,hate update,negative,0
great experience #5890,great experience,positive,2
so frustrated right now #8745,frustrate right,negative,0
will follow up later #1833,follow later,neutral,1
great experience #8542,great experience,positive,2
loving this so much #9662,love much,positive,2
great experience #2918,great experience,positive,2
will follow up later #244,follow later,neutral,1
hate this update #9248,hate update,negative,0
would not recommend #5063,would recommend,negative,0
waste of time #8191,waste time,negative,0
excellent quality #8245,excellent quality,positive,2
as expected #4391,expect,neutral,1
as expected #2218,expect,neutral,1
best day ever #7374,best day ever,positive,2
ok thanks #362,ok thanks,neutral,1
loving this so much #2573,love much,positive,2
excellent quality #849,excellent quality,positive,2
as expected #7692,expect,neutral,1
standard procedure #3576,standard procedure,neutral,1
the meeting is at 3pm #7828,meeting 3pm,neutral,1
standard procedure #2370,standard procedure,neutral,1
terrible quality #3533,terrible quality,negative,0
so happy with this #6268,happy,positive,2
terrible quality #781,terrible quality,negative,0
hate this update #9597,hate update,negative,0
this made my day #6684,make day,positive,2
loving this so much #6789,love much,positive,2
loving this so much #7170,love much,positive,2
totally disappointed with this #9218,totally disappointed,negative,0
waste of time #3468,waste time,negative,0
so happy with this #5898,happy,positive,2
would not recommend #7523,would recommend,negative,0
standard procedure #3833,standard procedure,neutral,1
the meeting is at 3pm #3839,meeting 3pm,neutral,1
see you tomorrow #3208,see tomorrow,neutral,1
ok thanks #1658,ok thanks,neutral,1
loving this so much #3123,love much,positive,2
ok thanks #8264,ok thanks,neutral,1
hate this update #9275,hate update,negative,0
would not recommend #6616,would recommend,negative,0
waste of time #1206,waste time,negative,0
waste of time #3258,waste time,negative,0
excellent quality #8198,excellent quality,positive,2
link attached for reference #6554,link attach reference,neutral,1
worst experience ever #3388,bad experience ever,negative,0
as expected #5307,expect,neutral,1
waste of time #8109,waste time,negative,0
best day ever #6201,best day ever,positive,2
link attached for reference #1467,link attach reference,neutral,1
the meeting is at 3pm #3340,meeting 3pm,neutral,1
worst experience ever #7099,bad experience ever,negative,0
best day ever #696,best day ever,positive,2
waste of time #4607,waste time,negative,0
excellent quality #302,excellent quality,positive,2
the meeting is at 3pm #7668,meeting 3pm,neutral,1
see you tomorrow #1603,see tomorrow,neutral,1
would not recommend #3183,would recommend,negative,0
would not recommend #4667,would recommend,negative,0
the meeting is at 3pm #4299,meeting 3pm,neutral,1
link attached for reference #3058,link attach reference,neutral,1
this made my day #3241,make day,positive,2
would not recommend #7968,would recommend,negative,0
this is awful #2860,awful,negative,0
so frustrated right now #5260,frustrate right,negative,0
would not recommend #4184,would recommend,negative,0
great experience #6479,great experience,positive,2
fantastic support team #387,fantastic support team,positive,2
waste of time #5354,waste time,negative,0
noted for the record #5575,note record,neutral,1
this made my day #1278,make day,positive,2
fantastic support team #7553,fantastic support team,positive,2
worst experience ever #8792,bad experience ever,negative,0
terrible quality #9886,terrible quality,negative,0
this is awful #6716,awful,negative,0
noted for the record #321,note record,neutral,1
would not recommend #1575,would recommend,negative,0
totally disappointed with this #516,totally disappointed,negative,0
this is awful #6300,awful,negative,0
worst experience ever #8231,bad experience ever,negative,0
highly recommend #8887,highly recommend,positive,2
loving this so much #3927,love much,positive,2
ok thanks #517,ok thanks,neutral,1
this made my day #1107,make day,positive,2
best day ever #6961,best day ever,positive,2
will follow up later #5913,follow later,neutral,1
best day ever #1094,best day ever,positive,2
waste of time #6560,waste time,negative,0
as expected #7565,expect,neutral,1
totally disappointed with this #9654,totally disappointed,negative,0
this made my day #7615,make day,positive,2
terrible quality #3039,terrible quality,negative,0
hate this update #6370,hate update,negative,0
the meeting is at 3pm #9866,meeting 3pm,neutral,1
ok thanks #3952,ok thanks,neutral,1
best day ever #6915,best day ever,positive,2
see you tomorrow #1535,see tomorrow,neutral,1
waste of time #2594,waste time,negative,0
highly recommend #9227,highly recommend,positive,2
will follow up later #2167,follow later,neutral,1
highly recommend #22,highly recommend,positive,2
totally disappointed with this #9303,totally disappointed,negative,0
ok thanks #8182,ok thanks,neutral,1
as expected #7066,expect,neutral,1
link attached for reference #7310,link attach reference,neutral,1
would not recommend #4825,would recommend,negative,0
highly recommend #473,highly recommend,positive,2
so happy with this #9160,happy,positive,2
highly recommend #124,highly recommend,positive,2
will follow up later #3786,follow later,neutral,1
highly recommend #1843,highly recommend,positive,2
the meeting is at 3pm #6897,meeting 3pm,neutral,1
noted for the record #1268,note record,neutral,1
excellent quality #7311,excellent quality,positive,2
best day ever #4609,best day ever,positive,2
link attached for reference #8924,link attach reference,neutral,1
terrible quality #9786,terrible quality,negative,0
worst experience ever #265,bad experience ever,negative,0
so frustrated right now #2023,frustrate right,negative,0
will follow up later #2939,follow later,neutral,1
this is awful #232,awful,negative,0
as expected #897,expect,neutral,1
fantastic support team #6759,fantastic support team,positive,2
this is awful #7829,awful,negative,0
great experience #8099,great experience,positive,2
hate this update #5222,hate update,negative,0
ok thanks #8139,ok thanks,neutral,1
waste of time #2053,waste time,negative,0
great experience #7565,great experience,positive,2
best day ever #8468,best day ever,positive,2
link attached for reference #6289,link attach reference,neutral,1
fantastic support team #5523,fantastic support team,positive,2
standard procedure #9500,standard procedure,neutral,1
standard procedure #3532,standard procedure,neutral,1
ok thanks #5897,ok thanks,neutral,1
excellent quality #8624,excellent quality,positive,2
ok thanks #1763,ok thanks,neutral,1
great experience #6492,great experience,positive,2
highly recommend #3739,highly recommend,positive,2
as expected #8069,expect,neutral,1
noted for the record #8819,note record,neutral,1
hate this update #2345,hate update,negative,0
will follow up later #562,follow later,neutral,1
great experience #9965,great experience,positive,2
highly recommend #2781,highly recommend,positive,2
see you tomorrow #5678,see tomorrow,neutral,1
will follow up later #7127,follow later,neutral,1
will follow up later #344,follow later,neutral,1
totally disappointed with this #9758,totally disappointed,negative,0
so frustrated right now #8131,frustrate right,negative,0
this is awful #3663,awful,negative,0
best day ever #7619,best day ever,positive,2
fantastic support team #8281,fantastic support team,positive,2
hate this update #7646,hate update,negative,0
highly recommend #7562,highly recommend,positive,2
excellent quality #6719,excellent quality,positive,2
hate this update #4118,hate update,negative,0
ok thanks #7477,ok thanks,neutral,1
this is awful #8373,awful,negative,0
fantastic support team #4956,fantastic support team,positive,2
will follow up later #3933,follow later,neutral,1
great experience #408,great experience,positive,2
this is awful #4434,awful,negative,0
as expected #7294,expect,neutral,1
link attached for reference #671,link attach reference,neutral,1
best day ever #8584,best day ever,positive,2
terrible quality #8379,terrible quality,negative,0
totally disappointed with this #3915,totally disappointed,negative,0
best day ever #9961,best day ever,positive,2
terrible quality #7416,terrible quality,negative,0
best day ever #5303,best day ever,positive,2
as expected #2479,expect,neutral,1
noted for the record #4143,note record,neutral,1
terrible quality #7625,terrible quality,negative,0
terrible quality #4013,terrible quality,negative,0
best day ever #5892,best day ever,positive,2
standard procedure #7391,standard procedure,neutral,1
ok thanks #7540,ok thanks,neutral,1
this is awful #3017,awful,negative,0
terrible quality #7553,terrible quality,negative,0
hate this update #360,hate update,negative,0
ok thanks #9486,ok thanks,neutral,1
highly recommend #5482,highly recommend,positive,2
so happy with this #5592,happy,positive,2
see you tomorrow #7398,see tomorrow,neutral,1
loving this so much #7930,love much,positive,2
this made my day #430,make day,positive,2
link attached for reference #9295,link attach reference,neutral,1
best day ever #1867,best day ever,positive,2
as expected #5031,expect,neutral,1
this made my day #473,make day,positive,2
this made my day #6779,make day,positive,2
noted for the record #5200,note record,neutral,1
standard procedure #1544,standard procedure,neutral,1
as expected #9249,expect,neutral,1
as expected #2387,expect,neutral,1
loving this so much #1643,love much,positive,2
the meeting is at 3pm #7647,meeting 3pm,neutral,1
totally disappointed with this #3147,totally disappointed,negative,0
so frustrated right now #3914,frustrate right,negative,0
standard procedure #1751,standard procedure,neutral,1
great experience #7111,great experience,positive,2
so happy with this #304,happy,positive,2
ok thanks #4644,ok thanks,neutral,1
this made my day #1543,make day,positive,2
loving this so much #8536,love much,positive,2
would not recommend #2282,would recommend,negative,0
waste of time #4313,waste time,negative,0
loving this so much #1388,love much,positive,2
loving this so much #6790,love much,positive,2
waste of time #1814,waste time,negative,0
best day ever #9242,best day ever,positive,2
noted for the record #6019,note record,neutral,1
this made my day #7984,make day,positive,2
this is awful #8267,awful,negative,0
terrible quality #6599,terrible quality,negative,0
standard procedure #8125,standard procedure,neutral,1
would not recommend #8969,would recommend,negative,0
standard procedure #3650,standard procedure,neutral,1
so happy with this #6633,happy,positive,2
terrible quality #7980,terrible quality,negative,0
this is awful #402,awful,negative,0
totally disappointed with this #1183,totally disappointed,negative,0
loving this so much #793,love much,positive,2
excellent quality #7830,excellent quality,positive,2
this is awful #1536,awful,negative,0
standard procedure #2224,standard procedure,neutral,1
standard procedure #6392,standard procedure,neutral,1
great experience #8155,great experience,positive,2
this made my day #4230,make day,positive,2
totally disappointed with this #4247,totally disappointed,negative,0
the meeting is at 3pm #8426,meeting 3pm,neutral,1
best day ever #1699,best day ever,positive,2
ok thanks #3076,ok thanks,neutral,1
best day ever #1650,best day ever,positive,2
noted for the record #6429,note record,neutral,1
ok thanks #1888,ok thanks,neutral,1
so frustrated right now #6227,frustrate right,negative,0
excellent quality #7099,excellent quality,positive,2
so happy with this #5107,happy,positive,2
great experience #1866,great experience,positive,2
see you tomorrow #3488,see tomorrow,neutral,1
so frustrated right now #4618,frustrate right,negative,0
will follow up later #1603,follow later,neutral,1
standard procedure #2325,standard procedure,neutral,1
great experience #2479,great experience,positive,2
so frustrated right now #8253,frustrate right,negative,0
highly recommend #588,highly recommend,positive,2
highly recommend #8750,highly recommend,positive,2
the meeting is at 3pm #3788,meeting 3pm,neutral,1
highly recommend #9496,highly recommend,positive,2
fantastic support team #5715,fantastic support team,positive,2
ok thanks #2728,ok thanks,neutral,1
will follow up later #2263,follow later,neutral,1
ok thanks #2306,ok thanks,neutral,1
this made my day #608,make day,positive,2
fantastic support team #1425,fantastic support team,positive,2
this made my day #7235,make day,positive,2
see you tomorrow #7829,see tomorrow,neutral,1
standard procedure #2239,standard procedure,neutral,1
worst experience ever #4862,bad experience ever,negative,0
ok thanks #5055,ok thanks,neutral,1
great experience #2881,great experience,positive,2
excellent quality #8982,excellent quality,positive,2
as expected #6507,expect,neutral,1
loving this so much #4842,love much,positive,2
this is awful #7686,awful,negative,0
will follow up later #7517,follow later,neutral,1
noted for the record #1946,note record,neutral,1
noted for the record #4103,note record,neutral,1
worst experience ever #92,bad experience ever,negative,0
ok thanks #2005,ok thanks,neutral,1
highly recommend #8496,highly recommend,positive,2
worst experience ever #9920,bad experience ever,negative,0
see you tomorrow #5934,see tomorrow,neutral,1
hate this update #1688,hate update,negative,0
loving this so much #2635,love much,positive,2
waste of time #8227,waste time,negative,0
worst experience ever #3653,bad experience ever,negative,0
waste of time #5640,waste time,negative,0
hate this update #2302,hate update,negative,0
loving this so much #7175,love much,positive,2
hate this update #5699,hate update,negative,0
highly recommend #8,highly recommend,positive,2
terrible quality #6876,terrible quality,negative,0
excellent quality #2551,excellent quality,positive,2
this is awful #5408,awful,negative,0
totally disappointed with this #4487,totally disappointed,negative,0
fantastic support team #2216,fantastic support team,positive,2
worst experience ever #509,bad experience ever,negative,0
so frustrated right now #7514,frustrate right,negative,0
ok thanks #338,ok thanks,neutral,1
as expected #8366,expect,neutral,1
standard procedure #1691,standard procedure,neutral,1
hate this update #4366,hate update,negative,0
loving this so much #3743,love much,positive,2
waste of time #1493,waste time,negative,0
this is awful #4734,awful,negative,0
link attached for reference #321,link attach reference,neutral,1
excellent quality #1930,excellent quality,positive,2
this is awful #7907,awful,negative,0
standard procedure #5040,standard procedure,neutral,1
this made my day #7302,make day,positive,2
will follow up later #9810,follow later,neutral,1
waste of time #1731,waste time,negative,0
fantastic support team #1535,fantastic support team,positive,2
see you tomorrow #1985,see tomorrow,neutral,1
link attached for reference #4567,link attach reference,neutral,1
hate this update #8460,hate update,negative,0
highly recommend #9515,highly recommend,positive,2
highly recommend #3049,highly recommend,positive,2
will follow up later #7987,follow later,neutral,1
would not recommend #1318,would recommend,negative,0
excellent quality #194,excellent quality,positive,2
this is awful #8300,awful,negative,0
noted for the record #8121,note record,neutral,1
totally disappointed with this #2408,totally disappointed,negative,0
as expected #3552,expect,neutral,1
so frustrated right now #3845,frustrate right,negative,0
fantastic support team #7708,fantastic support team,positive,2
loving this so much #9618,love much,positive,2
would not recommend #9632,would recommend,negative,0
as expected #7560,expect,neutral,1
as expected #6513,expect,neutral,1
noted for the record #4739,note record,neutral,1
hate this update #46,hate update,negative,0
great experience #9355,great experience,positive,2
terrible quality #6060,terrible quality,negative,0
would not recommend #1612,would recommend,negative,0
would not recommend #9935,would recommend,negative,0
waste of time #9587,waste time,negative,0
see you tomorrow #3851,see tomorrow,neutral,1
great experience #2178,great experience,positive,2
hate this update #3457,hate update,negative,0
noted for the record #802,note record,neutral,1
great experience #3275,great experience,positive,2
would not recommend #2163,would recommend,negative,0
so frustrated right now #1536,frustrate right,negative,0
so frustrated right now #6376,frustrate right,negative,0
loving this so much #8062,love much,positive,2
fantastic support team #9918,fantastic support team,positive,2
link attached for reference #1239,link attach reference,neutral,1
standard procedure #3692,standard procedure,neutral,1
highly recommend #6425,highly recommend,positive,2
this made my day #2031,make day,positive,2
this made my day #6587,make day,positive,2
as expected #7470,expect,neutral,1
terrible quality #4079,terrible quality,negative,0
would not recommend #409,would recommend,negative,0
would not recommend #3103,would recommend,negative,0
see you tomorrow #7445,see tomorrow,neutral,1
noted for the record #5052,note record,neutral,1
best day ever #6122,best day ever,positive,2
totally disappointed with this #9312,totally disappointed,negative,0
loving this so much #6109,love much,positive,2
link attached for reference #8272,link attach reference,neutral,1
worst experience ever #6498,bad experience ever,negative,0
as expected #8629,expect,neutral,1
hate this update #8534,hate update,negative,0
noted for the record #8981,note record,neutral,1
this is awful #7013,awful,negative,0
excellent quality #954,excellent quality,positive,2
would not recommend #5142,would recommend,negative,0
so frustrated right now #8750,frustrate right,negative,0
would not recommend #8767,would recommend,negative,0
link attached for reference #1272,link attach reference,neutral,1
totally disappointed with this #9460,totally disappointed,negative,0
will follow up later #5189,follow later,neutral,1
as expected #4449,expect,neutral,1
best day ever #141,best day ever,positive,2
loving this so much #1574,love much,positive,2
ok thanks #2894,ok thanks,neutral,1
so frustrated right now #9834,frustrate right,negative,0
see you tomorrow #5958,see tomorrow,neutral,1
excellent quality #4670,excellent quality,positive,2
this made my day #7096,make day,positive,2
noted for the record #8857,note record,neutral,1
link attached for reference #3552,link attach reference,neutral,1
as expected #2852,expect,neutral,1
so frustrated right now #3037,frustrate right,negative,0
waste of time #5423,waste time,negative,0
as expected #4409,expect,neutral,1
fantastic support team #6047,fantastic support team,positive,2
best day ever #9853,best day ever,positive,2
link attached for reference #4956,link attach reference,neutral,1
great experience #7900,great experience,positive,2
this is awful #9500,awful,negative,0
standard procedure #787,standard procedure,neutral,1
see you tomorrow #8835,see tomorrow,neutral,1
so frustrated right now #5045,frustrate right,negative,0
this made my day #4752,make day,positive,2
see you tomorrow #887,see tomorrow,neutral,1
worst experience ever #5081,bad experience ever,negative,0
link attached for reference #8373,link attach reference,neutral,1
excellent quality #7608,excellent quality,positive,2
link attached for reference #7580,link attach reference,neutral,1
hate this update #1052,hate update,negative,0
the meeting is at 3pm #3413,meeting 3pm,neutral,1
so frustrated right now #4320,frustrate right,negative,0
terrible quality #9691,terrible quality,negative,0
this made my day #5460,make day,positive,2
excellent quality #2023,excellent quality,positive,2
waste of time #2350,waste time,negative,0
great experience #6277,great experience,positive,2
totally disappointed with this #514,totally disappointed,negative,0
this is awful #7866,awful,negative,0
best day ever #8817,best day ever,positive,2
noted for the record #3287,note record,neutral,1
loving this so much #5623,love much,positive,2
great experience #6471,great experience,positive,2
will follow up later #9558,follow later,neutral,1
link attached for reference #9866,link attach reference,neutral,1
best day ever #3550,best day ever,positive,2
loving this so much #7828,love much,positive,2
worst experience ever #2024,bad experience ever,negative,0
so frustrated right now #7737,frustrate right,negative,0
terrible quality #2286,terrible quality,negative,0
link attached for reference #1107,link attach reference,neutral,1
see you tomorrow #7052,see tomorrow,neutral,1
waste of time #5857,waste time,negative,0
see you tomorrow #4329,see tomorrow,neutral,1
great experience #7044,great experience,positive,2
totally disappointed with this #9168,totally disappointed,negative,0
see you tomorrow #3846,see tomorrow,neutral,1
the meeting is at 3pm #8281,meeting 3pm,neutral,1
great experience #5185,great experience,positive,2
so happy with this #829,happy,positive,2
loving this so much #8846,love much,positive,2
noted for the record #2251,note record,neutral,1
ok thanks #218,ok thanks,neutral,1
terrible quality #8661,terrible quality,negative,0
as expected #5875,expect,neutral,1
would not recommend #4755,would recommend,negative,0
excellent quality #1819,excellent quality,positive,2
great experience #9189,great experience,positive,2
this made my day #6146,make day,positive,2
this is awful #308,awful,negative,0
will follow up later #2848,follow later,neutral,1
so frustrated right now #9818,frustrate right,negative,0
terrible quality #8533,terrible quality,negative,0
highly recommend #5550,highly recommend,positive,2
link attached for reference #9,link attach reference,neutral,1
will follow up later #2576,follow later,neutral,1
hate this update #7951,hate update,negative,0
so frustrated right now #2328,frustrate right,negative,0
noted for the record #4482,note record,neutral,1
ok thanks #673,ok thanks,neutral,1
best day ever #4210,best day ever,positive,2
great experience #8748,great experience,positive,2
worst experience ever #6780,bad experience ever,negative,0
excellent quality #7452,excellent quality,positive,2
totally disappointed with this #6712,totally disappointed,negative,0
so frustrated right now #8160,frustrate right,negative,0
worst experience ever #2748,bad experience ever,negative,0
this made my day #2883,make day,positive,2
so frustrated right now #8321,frustrate right,negative,0
noted for the record #5802,note record,neutral,1
so happy with this #8783,happy,positive,2
highly recommend #9612,highly recommend,positive,2
as expected #1549,expect,neutral,1
ok thanks #8603,ok thanks,neutral,1
ok thanks #6643,ok thanks,neutral,1
so frustrated right now #3307,frustrate right,negative,0
link attached for reference #4134,link attach reference,neutral,1
see you tomorrow #9606,see tomorrow,neutral,1
this is awful #9029,awful,negative,0
fantastic support team #8068,fantastic support team,positive,2
so frustrated right now #3419,frustrate right,negative,0
see you tomorrow #7792,see tomorrow,neutral,1
this made my day #6489,make day,positive,2
would not recommend #7385,would recommend,negative,0
noted for the record #2987,note record,neutral,1
the meeting is at 3pm #5719,meeting 3pm,neutral,1
waste of time #47,waste time,negative,0
noted for the record #6741,note record,neutral,1
this made my day #6981,make day,positive,2
worst experience ever #1227,bad experience ever,negative,0
standard procedure #2953,standard procedure,neutral,1
so happy with this #1524,happy,positive,2
would not recommend #5612,would recommend,negative,0
ok thanks #5699,ok thanks,neutral,1
standard procedure #1400,standard procedure,neutral,1
waste of time #1280,waste time,negative,0
loving this so much #8502,love much,positive,2
totally disappointed with this #5621,totally disappointed,negative,0
excellent quality #283,excellent quality,positive,2
hate this update #7334,hate update,negative,0
noted for the record #6487,note record,neutral,1
as expected #2043,expect,neutral,1
see you tomorrow #320,see tomorrow,neutral,1
ok thanks #6508,ok thanks,neutral,1
waste of time #4315,waste time,negative,0
this is awful #4585,awful,negative,0
will follow up later #7650,follow later,neutral,1
would not recommend #4099,would recommend,negative,0
so frustrated right now #2090,frustrate right,negative,0
ok thanks #9057,ok thanks,neutral,1
hate this update #9782,hate update,negative,0
would not recommend #5842,would recommend,negative,0
totally disappointed with this #7580,totally disappointed,negative,0
noted for the record #2618,note record,neutral,1
so happy with this #4717,happy,positive,2
this made my day #8372,make day,positive,2
waste of time #7535,waste time,negative,0
ok thanks #951,ok thanks,neutral,1
so happy with this #2805,happy,positive,2
worst experience ever #4337,bad experience ever,negative,0
ok thanks #7560,ok thanks,neutral,1
noted for the record #111,note record,neutral,1
the meeting is at 3pm #1265,meeting 3pm,neutral,1
fantastic support team #8518,fantastic support team,positive,2
so happy with this #9618,happy,positive,2
ok thanks #9866,ok thanks,neutral,1
the meeting is at 3pm #7808,meeting 3pm,neutral,1
highly recommend #4380,highly recommend,positive,2
standard procedure #5630,standard procedure,neutral,1
will follow up later #8218,follow later,neutral,1
so frustrated right now #7251,frustrate right,negative,0
the meeting is at 3pm #6741,meeting 3pm,neutral,1
best day ever #3566,best day ever,positive,2
best day ever #915,best day ever,positive,2
as expected #5071,expect,neutral,1
best day ever #2685,best day ever,positive,2
the meeting is at 3pm #5006,meeting 3pm,neutral,1
as expected #6312,expect,neutral,1
fantastic support team #9922,fantastic support team,positive,2
would not recommend #5176,would recommend,negative,0
so frustrated right now #9821,frustrate right,negative,0
hate this update #2883,hate update,negative,0
standard procedure #8816,standard procedure,neutral,1
standard procedure #8693,standard procedure,neutral,1
would not recommend #3476,would recommend,negative,0
this is awful #6947,awful,negative,0
loving this so much #5433,love much,positive,2
fantastic support team #2052,fantastic support team,positive,2
so happy with this #4805,happy,positive,2
waste of time #265,waste time,negative,0
highly recommend #7212,highly recommend,positive,2
hate this update #1106,hate update,negative,0
waste of time #3736,waste time,negative,0
noted for the record #4033,note record,neutral,1
waste of time #8627,waste time,negative,0
great experience #3527,great experience,positive,2
link attached for reference #505,link attach reference,neutral,1
this is awful #5521,awful,negative,0
so happy with this #7580,happy,positive,2
terrible quality #8896,terrible quality,negative,0
link attached for reference #5122,link attach reference,neutral,1
totally disappointed with this #7030,totally disappointed,negative,0
would not recommend #358,would recommend,negative,0
will follow up later #2383,follow later,neutral,1
ok thanks #3767,ok thanks,neutral,1
would not recommend #7803,would recommend,negative,0
best day ever #4869,best day ever,positive,2
will follow up later #5057,follow later,neutral,1
best day ever #6593,best day ever,positive,2
highly recommend #2994,highly recommend,positive,2
this is awful #8790,awful,negative,0
standard procedure #9993,standard procedure,neutral,1
great experience #6986,great experience,positive,2
best day ever #3460,best day ever,positive,2
this is awful #998,awful,negative,0
as expected #2299,expect,neutral,1
worst experience ever #9845,bad experience ever,negative,0
standard procedure #5804,standard procedure,neutral,1
as expected #2089,expect,neutral,1
terrible quality #8041,terrible quality,negative,0
highly recommend #8121,highly recommend,positive,2
standard procedure #4468,standard procedure,neutral,1
this made my day #1381,make day,positive,2
see you tomorrow #1894,see tomorrow,neutral,1
fantastic support team #2354,fantastic support team,positive,2
ok thanks #6104,ok thanks,neutral,1
terrible quality #6177,terrible quality,negative,0
great experience #639,great experience,positive,2
excellent quality #4323,excellent quality,positive,2
as expected #2923,expect,neutral,1
this is awful #9813,awful,negative,0
best day ever #1187,best day ever,positive,2
worst experience ever #1397,bad experience ever,negative,0
hate this update #4741,hate update,negative,0
so frustrated right now #3393,frustrate right,negative,0
standard procedure #2094,standard procedure,neutral,1
fantastic support team #5219,fantastic support team,positive,2
great experience #3121,great experience,positive,2
so happy with this #5418,happy,positive,2
best day ever #9492,best day ever,positive,2
great experience #644,great experience,positive,2
would not recommend #248,would recommend,negative,0
terrible quality #1835,terrible quality,negative,0
great experience #4739,great experience,positive,2
best day ever #1900,best day ever,positive,2
highly recommend #9512,highly recommend,positive,2
so happy with this #2742,happy,positive,2
ok thanks #8119,ok thanks,neutral,1
link attached for reference #8230,link attach reference,neutral,1
fantastic support team #7270,fantastic support team,positive,2
would not recommend #3224,would recommend,negative,0
worst experience ever #9706,bad experience ever,negative,0
as expected #448,expect,neutral,1
would not recommend #5540,would recommend,negative,0
so happy with this #2036,happy,positive,2
see you tomorrow #5620,see tomorrow,neutral,1
waste of time #4941,waste time,negative,0
worst experience ever #9400,bad experience ever,negative,0
will follow up later #2446,follow later,neutral,1
totally disappointed with this #369,totally disappointed,negative,0
loving this so much #1531,love much,positive,2
this made my day #2576,make day,positive,2
terrible quality #1999,terrible quality,negative,0
link attached for reference #6186,link attach reference,neutral,1
this is awful #4817,awful,negative,0
ok thanks #7331,ok thanks,neutral,1
highly recommend #4725,highly recommend,positive,2
the meeting is at 3pm #2375,meeting 3pm,neutral,1
noted for the record #3460,note record,neutral,1
ok thanks #4674,ok thanks,neutral,1
noted for the record #3709,note record,neutral,1
this made my day #5003,make day,positive,2
so happy with this #8409,happy,positive,2
excellent quality #3133,excellent quality,positive,2
loving this so much #7278,love much,positive,2
see you tomorrow #6266,see tomorrow,neutral,1
noted for the record #8366,note record,neutral,1
highly recommend #7809,highly recommend,positive,2
best day ever #5093,best day ever,positive,2
loving this so much #6478,love much,positive,2
loving this so much #7599,love much,positive,2
terrible quality #5792,terrible quality,negative,0
so frustrated right now #4907,frustrate right,negative,0
this is awful #6745,awful,negative,0
see you tomorrow #713,see tomorrow,neutral,1
so happy with this #7950,happy,positive,2
so happy with this #2706,happy,positive,2
totally disappointed with this #572,totally disappointed,negative,0
would not recommend #9808,would recommend,negative,0
hate this update #3929,hate update,negative,0
would not recommend #2269,would recommend,negative,0
loving this so much #4512,love much,positive,2
terrible quality #7555,terrible quality,negative,0
loving this so much #5030,love much,positive,2
as expected #5951,expect,neutral,1
fantastic support team #5218,fantastic support team,positive,2
ok thanks #5009,ok thanks,neutral,1
loving this so much #3951,love much,positive,2
noted for the record #395,note record,neutral,1
hate this update #6753,hate update,negative,0
the meeting is at 3pm #9301,meeting 3pm,neutral,1
will follow up later #5489,follow later,neutral,1
waste of time #1954,waste time,negative,0
totally disappointed with this #5901,totally disappointed,negative,0
great experience #1433,great experience,positive,2
so frustrated right now #4646,frustrate right,negative,0
waste of time #4063,waste time,negative,0
standard procedure #1491,standard procedure,neutral,1
fantastic support team #9596,fantastic support team,positive,2
totally disappointed with this #1106,totally disappointed,negative,0
waste of time #9986,waste time,negative,0
fantastic support team #6518,fantastic support team,positive,2
see you tomorrow #5881,see tomorrow,neutral,1
the meeting is at 3pm #2152,meeting 3pm,neutral,1
ok thanks #7161,ok thanks,neutral,1
best day ever #5471,best day ever,positive,2
fantastic support team #2499,fantastic support team,positive,2
link attached for reference #8568,link attach reference,neutral,1
standard procedure #4185,standard procedure,neutral,1
will follow up later #8192,follow later,neutral,1
excellent quality #5899,excellent quality,positive,2
totally disappointed with this #400,totally disappointed,negative,0
the meeting is at 3pm #449,meeting 3pm,neutral,1
excellent quality #1060,excellent quality,positive,2
ok thanks #4201,ok thanks,neutral,1
totally disappointed with this #3763,totally disappointed,negative,0
would not recommend #7434,would recommend,negative,0
will follow up later #5486,follow later,neutral,1
loving this so much #4300,love much,positive,2
so happy with this #9166,happy,positive,2
excellent quality #706,excellent quality,positive,2
hate this update #1703,hate update,negative,0
this is awful #473,awful,negative,0
this made my day #2802,make day,positive,2
best day ever #2550,best day ever,positive,2
noted for the record #2680,note record,neutral,1
will follow up later #9269,follow later,neutral,1
this made my day #7543,make day,positive,2
ok thanks #3095,ok thanks,neutral,1
the meeting is at 3pm #7283,meeting 3pm,neutral,1
highly recommend #835,highly recommend,positive,2
excellent quality #4016,excellent quality,positive,2
great experience #2404,great experience,positive,2
terrible quality #9488,terrible quality,negative,0
so happy with this #7092,happy,positive,2
see you tomorrow #6131,see tomorrow,neutral,1
see you tomorrow #2195,see tomorrow,neutral,1
will follow up later #5002,follow later,neutral,1
standard procedure #7653,standard procedure,neutral,1
highly recommend #1837,highly recommend,positive,2
see you tomorrow #137,see tomorrow,neutral,1
fantastic support team #1723,fantastic support team,positive,2
terrible quality #8539,terrible quality,negative,0
will follow up later #3163,follow later,neutral,1
highly recommend #9865,highly recommend,positive,2
this made my day #1923,make day,positive,2
terrible quality #859,terrible quality,negative,0
ok thanks #7972,ok thanks,neutral,1
best day ever #199,best day ever,positive,2
great experience #883,great experience,positive,2
the meeting is at 3pm #6813,meeting 3pm,neutral,1
worst experience ever #2339,bad experience ever,negative,0
excellent quality #9439,excellent quality,positive,2
worst experience ever #239,bad experience ever,negative,0
highly recommend #30,highly recommend,positive,2
ok thanks #1853,ok thanks,neutral,1
ok thanks #4482,ok thanks,neutral,1
highly recommend #6585,highly recommend,positive,2
hate this update #6342,hate update,negative,0
hate this update #525,hate update,negative,0
standard procedure #424,standard procedure,neutral,1
hate this update #7542,hate update,negative,0
worst experience ever #897,bad experience ever,negative,0
see you tomorrow #5221,see tomorrow,neutral,1
so happy with this #3205,happy,positive,2
waste of time #6997,waste time,negative,0
totally disappointed with this #2882,totally disappointed,negative,0
terrible quality #8165,terrible quality,negative,0
ok thanks #8682,ok thanks,neutral,1
link attached for reference #2645,link attach reference,neutral,1
would not recommend #1536,would recommend,negative,0
the meeting is at 3pm #9437,meeting 3pm,neutral,1
the meeting is at 3pm #4388,meeting 3pm,neutral,1
would not recommend #7347,would recommend,negative,0
fantastic support team #1052,fantastic support team,positive,2
loving this so much #7350,love much,positive,2
hate this update #9329,hate update,negative,0
waste of time #7051,waste time,negative,0
the meeting is at 3pm #8794,meeting 3pm,neutral,1
standard procedure #1430,standard procedure,neutral,1
excellent quality #9278,excellent quality,positive,2
as expected #1385,expect,neutral,1
totally disappointed with this #8841,totally disappointed,negative,0
this is awful #6347,awful,negative,0
highly recommend #2257,highly recommend,positive,2
see you tomorrow #1186,see tomorrow,neutral,1
see you tomorrow #158,see tomorrow,neutral,1
this is awful #9584,awful,negative,0
great experience #8323,great experience,positive,2
so happy with this #945,happy,positive,2
noted for the record #9474,note record,neutral,1
noted for the record #8005,note record,neutral,1
great experience #2566,great experience,positive,2
best day ever #9011,best day ever,positive,2
will follow up later #4259,follow later,neutral,1
so happy with this #4167,happy,positive,2
standard procedure #6176,standard procedure,neutral,1
link attached for reference #4946,link attach reference,neutral,1
so frustrated right now #4040,frustrate right,negative,0
see you tomorrow #3306,see tomorrow,neutral,1
as expected #5819,expect,neutral,1
so frustrated right now #8565,frustrate right,negative,0
noted for the record #5327,note record,neutral,1
great experience #1009,great experience,positive,2
would not recommend #1461,would recommend,negative,0
this made my day #6888,make day,positive,2
ok thanks #3453,ok thanks,neutral,1
highly recommend #9229,highly recommend,positive,2
ok thanks #8874,ok thanks,neutral,1
ok thanks #7814,ok thanks,neutral,1
as expected #2038,expect,neutral,1
great experience #8361,great experience,positive,2
highly recommend #7953,highly recommend,positive,2
this made my day #6940,make day,positive,2
highly recommend #3902,highly recommend,positive,2
link attached for reference #2720,link attach reference,neutral,1
excellent quality #573,excellent quality,positive,2
loving this so much #7569,love much,positive,2
best day ever #4375,best day ever,positive,2
ok thanks #310,ok thanks,neutral,1
link attached for reference #4452,link attach reference,neutral,1
so frustrated right now #9455,frustrate right,negative,0
ok thanks #3262,ok thanks,neutral,1
this is awful #4617,awful,negative,0
link attached for reference #4123,link attach reference,neutral,1
hate this update #446,hate update,negative,0
this made my day #9282,make day,positive,2
this is awful #4636,awful,negative,0
standard procedure #5332,standard procedure,neutral,1
noted for the record #8122,note record,neutral,1
would not recommend #7787,would recommend,negative,0
would not recommend #7168,would recommend,negative,0
standard procedure #7537,standard procedure,neutral,1
great experience #7235,great experience,positive,2
will follow up later #6013,follow later,neutral,1
as expected #1416,expect,neutral,1
this made my day #1655,make day,positive,2
link attached for reference #1628,link attach reference,neutral,1
as expected #967,expect,neutral,1
best day ever #1696,best day ever,positive,2
as expected #3940,expect,neutral,1
standard procedure #3898,standard procedure,neutral,1
hate this update #9891,hate update,negative,0
totally disappointed with this #3015,totally disappointed,negative,0
would not recommend #1018,would recommend,negative,0
the meeting is at 3pm #7340,meeting 3pm,neutral,1
terrible quality #5314,terrible quality,negative,0
highly recommend #207,highly recommend,positive,2
will follow up later #5488,follow later,neutral,1
this is awful #449,awful,negative,0
excellent quality #8178,excellent quality,positive,2
will follow up later #877,follow later,neutral,1
would not recommend #5338,would recommend,negative,0
so happy with this #584,happy,positive,2
link attached for reference #9319,link attach reference,neutral,1
noted for the record #6039,note record,neutral,1
waste of time #4693,waste time,negative,0
fantastic support team #4982,fantastic support team,positive,2
would not recommend #5993,would recommend,negative,0
ok thanks #5550,ok thanks,neutral,1
best day ever #9754,best day ever,positive,2
best day ever #3706,best day ever,positive,2
this made my day #7535,make day,positive,2
excellent quality #1085,excellent quality,positive,2
great experience #5087,great experience,positive,2
as expected #222,expect,neutral,1
totally disappointed with this #1646,totally disappointed,negative,0
noted for the record #6485,note record,neutral,1
this is awful #5389,awful,negative,0
hate this update #6942,hate update,negative,0
great experience #7783,great experience,positive,2
great experience #5740,great experience,positive,2
so frustrated right now #2963,frustrate right,negative,0
terrible quality #3341,terrible quality,negative,0
excellent quality #6493,excellent quality,positive,2
link attached for reference #7334,link attach reference,neutral,1
fantastic support team #1404,fantastic support team,positive,2
standard procedure #8937,standard procedure,neutral,1
best day ever #5619,best day ever,positive,2
will follow up later #4772,follow later,neutral,1
so frustrated right now #3545,frustrate right,negative,0
the meeting is at 3pm #9292,meeting 3pm,neutral,1
ok thanks #6063,ok thanks,neutral,1
standard procedure #2607,standard procedure,neutral,1
this is awful #5535,awful,negative,0
ok thanks #2874,ok thanks,neutral,1
hate this update #8714,hate update,negative,0
standard procedure #781,standard procedure,neutral,1
great experience #6173,great experience,positive,2
link attached for reference #4772,link attach reference,neutral,1
waste of time #9126,waste time,negative,0
as expected #1974,expect,neutral,1
this made my day #1525,make day,positive,2
totally disappointed with this #2968,totally disappointed,negative,0
as expected #1703,expect,neutral,1
excellent quality #5468,excellent quality,positive,2
terrible quality #7193,terrible quality,negative,0
link attached for reference #5826,link attach reference,neutral,1
ok thanks #4410,ok thanks,neutral,1
noted for the record #1919,note record,neutral,1
totally disappointed with this #2706,totally disappointed,negative,0
so happy with this #9651,happy,positive,2
ok thanks #5165,ok thanks,neutral,1
so happy with this #4792,happy,positive,2
hate this update #4162,hate update,negative,0
fantastic support team #3553,fantastic support team,positive,2
fantastic support team #3490,fantastic support team,positive,2
worst experience ever #3727,bad experience ever,negative,0
excellent quality #5758,excellent quality,positive,2
see you tomorrow #4473,see tomorrow,neutral,1
terrible quality #2058,terrible quality,negative,0
totally disappointed with this #4310,totally disappointed,negative,0
totally disappointed with this #7197,totally disappointed,negative,0
as expected #6779,expect,neutral,1
totally disappointed with this #2452,totally disappointed,negative,0
link attached for reference #6440,link attach reference,neutral,1
as expected #1366,expect,neutral,1
waste of time #7095,waste time,negative,0
totally disappointed with this #4885,totally disappointed,negative,0
highly recommend #3920,highly recommend,positive,2
so happy with this #8668,happy,positive,2
hate this update #2935,hate update,negative,0
worst experience ever #3204,bad experience ever,negative,0
would not recommend #1680,would recommend,negative,0
this made my day #8277,make day,positive,2
this is awful #4589,awful,negative,0
excellent quality #4870,excellent quality,positive,2
ok thanks #211,ok thanks,neutral,1
would not recommend #6390,would recommend,negative,0
standard procedure #7676,standard procedure,neutral,1
totally disappointed with this #5528,totally disappointed,negative,0
fantastic support team #1957,fantastic support team,positive,2
would not recommend #9779,would recommend,negative,0
worst experience ever #905,bad experience ever,negative,0
totally disappointed with this #942,totally disappointed,negative,0
this made my day #3809,make day,positive,2
terrible quality #3179,terrible quality,negative,0
terrible quality #7080,terrible quality,negative,0
so frustrated right now #5226,frustrate right,negative,0
worst experience ever #2806,bad experience ever,negative,0
so happy with this #7508,happy,positive,2
so frustrated right now #6072,frustrate right,negative,0
standard procedure #811,standard procedure,neutral,1
the meeting is at 3pm #675,meeting 3pm,neutral,1
waste of time #2780,waste time,negative,0
link attached for reference #178,link attach reference,neutral,1
as expected #6935,expect,neutral,1
highly recommend #67,highly recommend,positive,2
excellent quality #9510,excellent quality,positive,2
worst experience ever #8266,bad experience ever,negative,0
ok thanks #5374,ok thanks,neutral,1
loving this so much #7769,love much,positive,2
waste of time #5780,waste time,negative,0
as expected #5496,expect,neutral,1
will follow up later #7257,follow later,neutral,1
this made my day #4549,make day,positive,2
so happy with this #4792,happy,positive,2
would not recommend #6316,would recommend,negative,0
so happy with this #2953,happy,positive,2
so frustrated right now #7936,frustrate right,negative,0
waste of time #2069,waste time,negative,0
this made my day #9192,make day,positive,2
great experience #9151,great experience,positive,2
worst experience ever #7600,bad experience ever,negative,0
so frustrated right now #3946,frustrate right,negative,0
best day ever #5555,best day ever,positive,2
totally disappointed with this #8523,totally disappointed,negative,0
best day ever #5910,best day ever,positive,2
totally disappointed with this #6555,totally disappointed,negative,0
best day ever #9693,best day ever,positive,2
waste of time #5882,waste time,negative,0
noted for the record #2771,note record,neutral,1
the meeting is at 3pm #8205,meeting 3pm,neutral,1
this made my day #8221,make day,positive,2
so frustrated right now #6629,frustrate right,negative,0
terrible quality #4048,terrible quality,negative,0
see you tomorrow #1983,see tomorrow,neutral,1
hate this update #8485,hate update,negative,0
terrible quality #8435,terrible quality,negative,0
highly recommend #7292,highly recommend,positive,2
highly recommend #730,highly recommend,positive,2
best day ever #6533,best day ever,positive,2
terrible quality #1197,terrible quality,negative,0
highly recommend #7052,highly recommend,positive,2
best day ever #2444,best day ever,positive,2
as expected #2634,expect,neutral,1
worst experience ever #3767,bad experience ever,negative,0
so frustrated right now #5952,frustrate right,negative,0
loving this so much #7149,love much,positive,2
terrible quality #660,terrible quality,negative,0
totally disappointed with this #6594,totally disappointed,negative,0
excellent quality #5440,excellent quality,positive,2
this is awful #8005,awful,negative,0
standard procedure #8877,standard procedure,neutral,1
would not recommend #9358,would recommend,negative,0
worst experience ever #5664,bad experience ever,negative,0
excellent quality #3303,excellent quality,positive,2
hate this update #2890,hate update,negative,0
excellent quality #8281,excellent quality,positive,2
link attached for reference #6323,link attach reference,neutral,1
as expected #6967,expect,neutral,1
great experience #5120,great experience,positive,2
ok thanks #2851,ok thanks,neutral,1
ok thanks #2219,ok thanks,neutral,1
noted for the record #8564,note record,neutral,1
great experience #4029,great experience,positive,2
see you tomorrow #4148,see tomorrow,neutral,1
hate this update #2367,hate update,negative,0
great experience #8038,great experience,positive,2
this is awful #7257,awful,negative,0
this is awful #3744,awful,negative,0
best day ever #3513,best day ever,positive,2
best day ever #6620,best day ever,positive,2
fantastic support team #2738,fantastic support team,positive,2
the meeting is at 3pm #3246,meeting 3pm,neutral,1
the meeting is at 3pm #7766,meeting 3pm,neutral,1
totally disappointed with this #5643,totally disappointed,negative,0
see you tomorrow #6889,see tomorrow,neutral,1
excellent quality #2570,excellent quality,positive,2
terrible quality #9355,terrible quality,negative,0
see you tomorrow #5111,see tomorrow,neutral,1
as expected #5293,expect,neutral,1
loving this so much #350,love much,positive,2
terrible quality #5669,terrible quality,negative,0
so frustrated right now #9025,frustrate right,negative,0
this is awful #6448,awful,negative,0
worst experience ever #9239,bad experience ever,negative,0
the meeting is at 3pm #1881,meeting 3pm,neutral,1
loving this so much #7657,love much,positive,2
waste of time #3405,waste time,negative,0
terrible quality #1437,terrible quality,negative,0
the meeting is at 3pm #9699,meeting 3pm,neutral,1
ok thanks #3177,ok thanks,neutral,1
would not recommend #1784,would recommend,negative,0
this made my day #4488,make day,positive,2
best day ever #9425,best day ever,positive,2
fantastic support team #8567,fantastic support team,positive,2
will follow up later #5264,follow later,neutral,1
excellent quality #5568,excellent quality,positive,2
link attached for reference #613,link attach reference,neutral,1
hate this update #4166,hate update,negative,0
hate this update #8575,hate update,negative,0
would not recommend #4367,would recommend,negative,0
see you tomorrow #6527,see tomorrow,neutral,1
fantastic support team #2790,fantastic support team,positive,2
excellent quality #4595,excellent quality,positive,2
see you tomorrow #2169,see tomorrow,neutral,1
so frustrated right now #8655,frustrate right,negative,0
this is awful #9184,awful,negative,0
highly recommend #8045,highly recommend,positive,2
link attached for reference #9988,link attach reference,neutral,1
waste of time #3215,waste time,negative,0
great experience #6196,great experience,positive,2
this is awful #3586,awful,negative,0
see you tomorrow #6103,see tomorrow,neutral,1
worst experience ever #2122,bad experience ever,negative,0
see you tomorrow #5922,see tomorrow,neutral,1
would not recommend #9433,would recommend,negative,0
as expected #1281,expect,neutral,1
will follow up later #6852,follow later,neutral,1
waste of time #3441,waste time,negative,0
standard procedure #1033,standard procedure,neutral,1
hate this update #1506,hate update,negative,0
so happy with this #8504,happy,positive,2
the meeting is at 3pm #9580,meeting 3pm,neutral,1
best day ever #9203,best day ever,positive,2
so frustrated right now #2551,frustrate right,negative,0
waste of time #2017,waste time,negative,0
totally disappointed with this #2493,totally disappointed,negative,0
loving this so much #9441,love much,positive,2
standard procedure #3695,standard procedure,neutral,1
standard procedure #8641,standard procedure,neutral,1
hate this update #2143,hate update,negative,0
worst experience ever #2460,bad experience ever,negative,0
standard procedure #328,standard procedure,neutral,1
fantastic support team #474,fantastic support team,positive,2
great experience #247,great experience,positive,2
the meeting is at 3pm #5876,meeting 3pm,neutral,1
would not recommend #6599,would recommend,negative,0
fantastic support team #420,fantastic support team,positive,2
ok thanks #5736,ok thanks,neutral,1
this is awful #9933,awful,negative,0
link attached for reference #5942,link attach reference,neutral,1
would not recommend #800,would recommend,negative,0
waste of time #5859,waste time,negative,0
so happy with this #4350,happy,positive,2
ok thanks #2472,ok thanks,neutral,1
see you tomorrow #8267,see tomorrow,neutral,1
noted for the record #691,note record,neutral,1
totally disappointed with this #5554,totally disappointed,negative,0
will follow up later #386,follow later,neutral,1
noted for the record #5025,note record,neutral,1
fantastic support team #4278,fantastic support team,positive,2
best day ever #7497,best day ever,positive,2
as expected #6384,expect,neutral,1
waste of time #2191,waste time,negative,0
great experience #1528,great experience,positive,2
so happy with this #5125,happy,positive,2
so happy with this #8607,happy,positive,2
so frustrated right now #4388,frustrate right,negative,0
link attached for reference #6201,link attach reference,neutral,1
excellent quality #5921,excellent quality,positive,2
noted for the record #2117,note record,neutral,1
ok thanks #900,ok thanks,neutral,1
will follow up later #1057,follow later,neutral,1
totally disappointed with this #6857,totally disappointed,negative,0
see you tomorrow #5681,see tomorrow,neutral,1
so happy with this #4419,happy,positive,2
waste of time #4079,waste time,negative,0
hate this update #4798,hate update,negative,0
fantastic support team #4140,fantastic support team,positive,2
noted for the record #2853,note record,neutral,1
see you tomorrow #3268,see tomorrow,neutral,1
fantastic support team #4889,fantastic support team,positive,2
link attached for reference #3397,link attach reference,neutral,1
waste of time #4823,waste time,negative,0
this is awful #1402,awful,negative,0
totally disappointed with this #4969,totally disappointed,negative,0
waste of time #2326,waste time,negative,0
this is awful #2864,awful,negative,0
great experience #5307,great experience,positive,2
terrible quality #9903,terrible quality,negative,0
link attached for reference #701,link attach reference,neutral,1
terrible quality #1719,terrible quality,negative,0
so frustrated right now #2705,frustrate right,negative,0
as expected #1617,expect,neutral,1
would not recommend #5871,would recommend,negative,0
worst experience ever #7773,bad experience ever,negative,0
highly recommend #903,highly recommend,positive,2
link attached for reference #1005,link attach reference,neutral,1
see you tomorrow #8291,see tomorrow,neutral,1
fantastic support team #5566,fantastic support team,positive,2
this is awful #9274,awful,negative,0
excellent quality #122,excellent quality,positive,2
terrible quality #1311,terrible quality,negative,0
totally disappointed with this #5529,totally disappointed,negative,0
totally disappointed with this #9187,totally disappointed,negative,0
loving this so much #3720,love much,positive,2
loving this so much #7117,love much,positive,2
fantastic support team #5629,fantastic support team,positive,2
this made my day #268,make day,positive,2
loving this so much #5012,love much,positive,2
see you tomorrow #8205,see tomorrow,neutral,1
worst experience ever #1011,bad experience ever,negative,0
worst experience ever #7721,bad experience ever,negative,0
standard procedure #3448,standard procedure,neutral,1
highly recommend #3863,highly recommend,positive,2
this is awful #9488,awful,negative,0
fantastic support team #1810,fantastic support team,positive,2
best day ever #1144,best day ever,positive,2
will follow up later #1686,follow later,neutral,1
as expected #6390,expect,neutral,1
terrible quality #1386,terrible quality,negative,0
would not recommend #9708,would recommend,negative,0
so frustrated right now #8009,frustrate right,negative,0
this made my day #8359,make day,positive,2
so frustrated right now #4191,frustrate right,negative,0
the meeting is at 3pm #2597,meeting 3pm,neutral,1
fantastic support team #4041,fantastic support team,positive,2
excellent quality #4123,excellent quality,positive,2
highly recommend #3281,highly recommend,positive,2
the meeting is at 3pm #8497,meeting 3pm,neutral,1
so frustrated right now #848,frustrate right,negative,0
this made my day #1829,make day,positive,2
as expected #1492,expect,neutral,1
standard procedure #4962,standard procedure,neutral,1
as expected #1859,expect,neutral,1
highly recommend #873,highly recommend,positive,2
this is awful #1676,awful,negative,0
see you tomorrow #1509,see tomorrow,neutral,1
the meeting is at 3pm #5561,meeting 3pm,neutral,1
would not recommend #1092,would recommend,negative,0
great experience #3223,great experience,positive,2
great experience #1887,great experience,positive,2
the meeting is at 3pm #6652,meeting 3pm,neutral,1
ok thanks #4139,ok thanks,neutral,1
fantastic support team #4580,fantastic support team,positive,2
fantastic support team #2728,fantastic support team,positive,2
would not recommend #4698,would recommend,negative,0
highly recommend #5642,highly recommend,positive,2
will follow up later #7119,follow later,neutral,1
totally disappointed with this #5649,totally disappointed,negative,0
great experience #2201,great experience,positive,2
totally disappointed with this #8246,totally disappointed,negative,0
the meeting is at 3pm #7739,meeting 3pm,neutral,1
so frustrated right now #6424,frustrate right,negative,0
excellent quality #3247,excellent quality,positive,2
noted for the record #9697,note record,neutral,1
noted for the record #2455,note record,neutral,1
standard procedure #3519,standard procedure,neutral,1
fantastic support team #1174,fantastic support team,positive,2
fantastic support team #5249,fantastic support team,positive,2
the meeting is at 3pm #907,meeting 3pm,neutral,1
terrible quality #300,terrible quality,negative,0
excellent quality #8988,excellent quality,positive,2
ok thanks #4716,ok thanks,neutral,1
best day ever #9602,best day ever,positive,2
excellent quality #6559,excellent quality,positive,2
hate this update #7423,hate update,negative,0
excellent quality #1750,excellent quality,positive,2
will follow up later #9134,follow later,neutral,1
so happy with this #5887,happy,positive,2
standard procedure #9948,standard procedure,neutral,1
so frustrated right now #6201,frustrate right,negative,0
so happy with this #6733,happy,positive,2
highly recommend #3017,highly recommend,positive,2
ok thanks #938,ok thanks,neutral,1
best day ever #5192,best day ever,positive,2
this is awful #9275,awful,negative,0
would not recommend #1576,would recommend,negative,0
best day ever #3141,best day ever,positive,2
would not recommend #2188,would recommend,negative,0
noted for the record #2725,note record,neutral,1
this made my day #2230,make day,positive,2
great experience #3852,great experience,positive,2
standard procedure #6551,standard procedure,neutral,1
this made my day #8682,make day,positive,2
waste of time #5911,waste time,negative,0
as expected #9723,expect,neutral,1
so frustrated right now #3972,frustrate right,negative,0
hate this update #4258,hate update,negative,0
fantastic support team #1382,fantastic support team,positive,2
waste of time #2953,waste time,negative,0
waste of time #3722,waste time,negative,0
noted for the record #7037,note record,neutral,1
the meeting is at 3pm #2266,meeting 3pm,neutral,1
waste of time #5434,waste time,negative,0
hate this update #5789,hate update,negative,0
this is awful #2574,awful,negative,0
best day ever #8779,best day ever,positive,2
noted for the record #8194,note record,neutral,1
highly recommend #2707,highly recommend,positive,2
best day ever #6382,best day ever,positive,2
worst experience ever #9917,bad experience ever,negative,0
so happy with this #3312,happy,positive,2
totally disappointed with this #5876,totally disappointed,negative,0
hate this update #9592,hate update,negative,0
best day ever #3238,best day ever,positive,2
so frustrated right now #5929,frustrate right,negative,0
will follow up later #2384,follow later,neutral,1
standard procedure #6316,standard procedure,neutral,1
so happy with this #334,happy,positive,2
standard procedure #7757,standard procedure,neutral,1
loving this so much #7569,love much,positive,2
waste of time #9970,waste time,negative,0
loving this so much #6024,love much,positive,2
waste of time #8527,waste time,negative,0
see you tomorrow #271,see tomorrow,neutral,1
this is awful #4793,awful,negative,0
link attached for reference #8358,link attach reference,neutral,1
the meeting is at 3pm #7240,meeting 3pm,neutral,1
hate this update #5679,hate update,negative,0
so happy with this #5336,happy,positive,2
fantastic support team #5448,fantastic support team,positive,2
terrible quality #3874,terrible quality,negative,0
fantastic support team #5955,fantastic support team,positive,2
will follow up later #669,follow later,neutral,1
totally disappointed with this #7488,totally disappointed,negative,0
standard procedure #4970,standard procedure,neutral,1
totally disappointed with this #8183,totally disappointed,negative,0
so frustrated right now #7860,frustrate right,negative,0
ok thanks #699,ok thanks,neutral,1
totally disappointed with this #6531,totally disappointed,negative,0
best day ever #2585,best day ever,positive,2
totally disappointed with this #8581,totally disappointed,negative,0
highly recommend #6480,highly recommend,positive,2
ok thanks #6065,ok thanks,neutral,1
best day ever #961,best day ever,positive,2
highly recommend #3814,highly recommend,positive,2
link attached for reference #3717,link attach reference,neutral,1
best day ever #5534,best day ever,positive,2
the meeting is at 3pm #4369,meeting 3pm,neutral,1
link attached for reference #8536,link attach reference,neutral,1
terrible quality #7223,terrible quality,negative,0
this is awful #1281,awful,negative,0
the meeting is at 3pm #718,meeting 3pm,neutral,1
worst experience ever #5768,bad experience ever,negative,0
standard procedure #9935,standard procedure,neutral,1
loving this so much #3289,love much,positive,2
noted for the record #649,note record,neutral,1
loving this so much #9593,love much,positive,2
great experience #2346,great experience,positive,2
so happy with this #4507,happy,positive,2
excellent quality #9191,excellent quality,positive,2
this made my day #2731,make day,positive,2
standard procedure #5304,standard procedure,neutral,1
noted for the record #8595,note record,neutral,1
standard procedure #6525,standard procedure,neutral,1
ok thanks #2109,ok thanks,neutral,1
noted for the record #5098,note record,neutral,1
as expected #4748,expect,neutral,1
standard procedure #2759,standard procedure,neutral,1
best day ever #718,best day ever,positive,2
this made my day #3261,make day,positive,2
would not recommend #4538,would recommend,negative,0
terrible quality #3936,terrible quality,negative,0
totally disappointed with this #2920,totally disappointed,negative,0
hate this update #1340,hate update,negative,0
loving this so much #1325,love much,positive,2
great experience #1864,great experience,positive,2
see you tomorrow #1364,see tomorrow,neutral,1
excellent quality #5195,excellent quality,positive,2
will follow up later #6124,follow later,neutral,1
link attached for reference #3122,link attach reference,neutral,1
the meeting is at 3pm #8478,meeting 3pm,neutral,1
highly recommend #203,highly recommend,positive,2
will follow up later #1350,follow later,neutral,1
great experience #7744,great experience,positive,2
will follow up later #8696,follow later,neutral,1
highly recommend #2678,highly recommend,positive,2
best day ever #3366,best day ever,positive,2
so frustrated right now #3176,frustrate right,negative,0
noted for the record #999,note record,neutral,1
best day ever #2342,best day ever,positive,2
would not recommend #6845,would recommend,negative,0
would not recommend #6795,would recommend,negative,0
highly recommend #2650,highly recommend,positive,2
this is awful #1794,awful,negative,0
waste of time #8566,waste time,negative,0
noted for the record #2413,note record,neutral,1
hate this update #668,hate update,negative,0
waste of time #8008,waste time,negative,0
best day ever #1506,best day ever,positive,2
best day ever #5977,best day ever,positive,2
ok thanks #1954,ok thanks,neutral,1
great experience #8636,great experience,positive,2
excellent quality #7648,excellent quality,positive,2
great experience #8376,great experience,positive,2
would not recommend #2151,would recommend,negative,0
link attached for reference #9519,link attach reference,neutral,1
the meeting is at 3pm #6918,meeting 3pm,neutral,1
great experience #5158,great experience,positive,2
worst experience ever #8198,bad experience ever,negative,0
loving this so much #689,love much,positive,2
this made my day #6151,make day,positive,2
link attached for reference #6783,link attach reference,neutral,1
fantastic support team #9097,fantastic support team,positive,2
link attached for reference #9908,link attach reference,neutral,1
the meeting is at 3pm #6189,meeting 3pm,neutral,1
the meeting is at 3pm #4797,meeting 3pm,neutral,1
great experience #1466,great experience,positive,2
best day ever #1139,best day ever,positive,2
so happy with this #8267,happy,positive,2
excellent quality #7565,excellent quality,positive,2
loving this so much #6904,love much,positive,2
see you tomorrow #1562,see tomorrow,neutral,1
fantastic support team #7341,fantastic support team,positive,2
terrible quality #5811,terrible quality,negative,0
best day ever #5896,best day ever,positive,2
waste of time #7826,waste time,negative,0
totally disappointed with this #8934,totally disappointed,negative,0
excellent quality #3312,excellent quality,positive,2
would not recommend #9085,would recommend,negative,0
totally disappointed with this #4314,totally disappointed,negative,0
waste of time #9248,waste time,negative,0
excellent quality #3374,excellent quality,positive,2
so happy with this #6484,happy,positive,2
see you tomorrow #5156,see tomorrow,neutral,1
ok thanks #3368,ok thanks,neutral,1
the meeting is at 3pm #4528,meeting 3pm,neutral,1
terrible quality #5360,terrible quality,negative,0
hate this update #3807,hate update,negative,0
will follow up later #6668,follow later,neutral,1
great experience #3103,great experience,positive,2
as expected #7622,expect,neutral,1
this is awful #6516,awful,negative,0
as expected #7955,expect,neutral,1
this is awful #7794,awful,negative,0
this is awful #6628,awful,negative,0
waste of time #594,waste time,negative,0
as expected #395,expect,neutral,1
highly recommend #7461,highly recommend,positive,2
worst experience ever #9548,bad experience ever,negative,0
highly recommend #2963,highly recommend,positive,2
this made my day #766,make day,positive,2
excellent quality #1749,excellent quality,positive,2
great experience #9223,great experience,positive,2
totally disappointed with this #374,totally disappointed,negative,0
excellent quality #4861,excellent quality,positive,2
noted for the record #691,note record,neutral,1
this is awful #7231,awful,negative,0
ok thanks #9871,ok thanks,neutral,1
so happy with this #3095,happy,positive,2
highly recommend #8651,highly recommend,positive,2
great experience #6684,great experience,positive,2
fantastic support team #7510,fantastic support team,positive,2
see you tomorrow #4172,see tomorrow,neutral,1
see you tomorrow #2495,see tomorrow,neutral,1
would not recommend #9918,would recommend,negative,0
totally disappointed with this #8750,totally disappointed,negative,0
as expected #1703,expect,neutral,1
fantastic support team #1023,fantastic support team,positive,2
loving this so much #4460,love much,positive,2
as expected #1534,expect,neutral,1
will follow up later #5631,follow later,neutral,1
best day ever #3342,best day ever,positive,2
standard procedure #7847,standard procedure,neutral,1
see you tomorrow #8821,see tomorrow,neutral,1
so frustrated right now #1995,frustrate right,negative,0
best day ever #1594,best day ever,positive,2
link attached for reference #9296,link attach reference,neutral,1
fantastic support team #9846,fantastic support team,positive,2
as expected #5230,expect,neutral,1
so happy with this #6992,happy,positive,2
ok thanks #8946,ok thanks,neutral,1
waste of time #5936,waste time,negative,0
excellent quality #6032,excellent quality,positive,2
standard procedure #5371,standard procedure,neutral,1
terrible quality #7367,terrible quality,negative,0
as expected #5841,expect,neutral,1
excellent quality #5625,excellent quality,positive,2
see you tomorrow #5586,see tomorrow,neutral,1
this is awful #2325,awful,negative,0
standard procedure #6423,standard procedure,neutral,1
worst experience ever #2707,bad experience ever,negative,0
noted for the record #4815,note record,neutral,1
totally disappointed with this #8391,totally disappointed,negative,0
best day ever #8670,best day ever,positive,2
would not recommend #7707,would recommend,negative,0
the meeting is at 3pm #8605,meeting 3pm,neutral,1
will follow up later #9061,follow later,neutral,1
standard procedure #3343,standard procedure,neutral,1
will follow up later #1748,follow later,neutral,1
loving this so much #36,love much,positive,2
standard procedure #4750,standard procedure,neutral,1
the meeting is at 3pm #7365,meeting 3pm,neutral,1
noted for the record #3054,note record,neutral,1
worst experience ever #671,bad experience ever,negative,0
totally disappointed with this #6525,totally disappointed,negative,0
highly recommend #6306,highly recommend,positive,2
link attached for reference #6392,link attach reference,neutral,1
terrible quality #1116,terrible quality,negative,0
noted for the record #579,note record,neutral,1
excellent quality #5237,excellent quality,positive,2
as expected #3147,expect,neutral,1
so happy with this #4185,happy,positive,2
link attached for reference #3350,link attach reference,neutral,1
so happy with this #3201,happy,positive,2
worst experience ever #827,bad experience ever,negative,0
worst experience ever #1930,bad experience ever,negative,0
this made my day #6043,make day,positive,2
best day ever #429,best day ever,positive,2
see you tomorrow #315,see tomorrow,neutral,1
waste of time #1269,waste time,negative,0
see you tomorrow #3482,see tomorrow,neutral,1
will follow up later #1673,follow later,neutral,1
hate this update #8606,hate update,negative,0
link attached for reference #6034,link attach reference,neutral,1
standard procedure #9719,standard procedure,neutral,1
see you tomorrow #2573,see tomorrow,neutral,1
see you tomorrow #4597,see tomorrow,neutral,1
great experience #7247,great experience,positive,2
totally disappointed with this #4166,totally disappointed,negative,0
worst experience ever #9296,bad experience ever,negative,0
hate this update #1175,hate update,negative,0
noted for the record #6791,note record,neutral,1
ok thanks #8148,ok thanks,neutral,1
the meeting is at 3pm #7218,meeting 3pm,neutral,1
standard procedure #2508,standard procedure,neutral,1
standard procedure #5178,standard procedure,neutral,1
ok thanks #488,ok thanks,neutral,1
the meeting is at 3pm #6537,meeting 3pm,neutral,1
excellent quality #2427,excellent quality,positive,2
terrible quality #289,terrible quality,negative,0
excellent quality #6243,excellent quality,positive,2
ok thanks #6021,ok thanks,neutral,1
best day ever #3893,best day ever,positive,2
great experience #6999,great experience,positive,2
terrible quality #9039,terrible quality,negative,0
waste of time #6529,waste time,negative,0
terrible quality #7008,terrible quality,negative,0
best day ever #8059,best day ever,positive,2
worst experience ever #5957,bad experience ever,negative,0
as expected #7497,expect,neutral,1
this made my day #8831,make day,positive,2
hate this update #4775,hate update,negative,0
waste of time #7827,waste time,negative,0
link attached for reference #3783,link attach reference,neutral,1
this is awful #4140,awful,negative,0
terrible quality #7337,terrible quality,negative,0
great experience #5651,great experience,positive,2
link attached for reference #6748,link attach reference,neutral,1
this is awful #7377,awful,negative,0
would not recommend #9618,would recommend,negative,0
standard procedure #5318,standard procedure,neutral,1
waste of time #8363,waste time,negative,0
standard procedure #3680,standard procedure,neutral,1
totally disappointed with this #2312,totally disappointed,negative,0
fantastic support team #2797,fantastic support team,positive,2
waste of time #6195,waste time,negative,0
terrible quality #2145,terrible quality,negative,0
worst experience ever #1967,bad experience ever,negative,0
loving this so much #7991,love much,positive,2
best day ever #5183,best day ever,positive,2
great experience #2552,great experience,positive,2
would not recommend #6562,would recommend,negative,0
great experience #814,great experience,positive,2
terrible quality #73,terrible quality,negative,0
worst experience ever #7177,bad experience ever,negative,0
loving this so much #9591,love much,positive,2
great experience #4485,great experience,positive,2
as expected #1745,expect,neutral,1
best day ever #9758,best day ever,positive,2
worst experience ever #4543,bad experience ever,negative,0
the meeting is at 3pm #5875,meeting 3pm,neutral,1
waste of time #8074,waste time,negative,0
noted for the record #7397,note record,neutral,1
hate this update #8554,hate update,negative,0
link attached for reference #2741,link attach reference,neutral,1
highly recommend #1570,highly recommend,positive,2
link attached for reference #7363,link attach reference,neutral,1
would not recommend #6273,would recommend,negative,0
this made my day #7180,make day,positive,2
hate this update #7992,hate update,negative,0
hate this update #9103,hate update,negative,0
excellent quality #9397,excellent quality,positive,2
this made my day #5039,make day,positive,2
waste of time #5170,waste time,negative,0
terrible quality #8902,terrible quality,negative,0
standard procedure #6062,standard procedure,neutral,1
would not recommend #4193,would recommend,negative,0
ok thanks #9841,ok thanks,neutral,1
this is awful #1761,awful,negative,0
best day ever #1907,best day ever,positive,2
standard procedure #7630,standard procedure,neutral,1
ok thanks #4016,ok thanks,neutral,1
fantastic support team #953,fantastic support team,positive,2
this made my day #6100,make day,positive,2
totally disappointed with this #1746,totally disappointed,negative,0
as expected #6558,expect,neutral,1
waste of time #7975,waste time,negative,0
so frustrated right now #5395,frustrate right,negative,0
noted for the record #389,note record,neutral,1
this made my day #3870,make day,positive,2
so frustrated right now #4086,frustrate right,negative,0
will follow up later #4398,follow later,neutral,1
this made my day #9317,make day,positive,2
so frustrated right now #5712,frustrate right,negative,0
see you tomorrow #4112,see tomorrow,neutral,1
so frustrated right now #9070,frustrate right,negative,0
this made my day #543,make day,positive,2
the meeting is at 3pm #5191,meeting 3pm,neutral,1
terrible quality #8419,terrible quality,negative,0
link attached for reference #431,link attach reference,neutral,1
noted for the record #4182,note record,neutral,1
loving this so much #4699,love much,positive,2
worst experience ever #5692,bad experience ever,negative,0
standard procedure #606,standard procedure,neutral,1
waste of time #5362,waste time,negative,0
will follow up later #7375,follow later,neutral,1
this made my day #9845,make day,positive,2
the meeting is at 3pm #8157,meeting 3pm,neutral,1
noted for the record #7515,note record,neutral,1
will follow up later #9488,follow later,neutral,1
hate this update #1321,hate update,negative,0
so happy with this #5112,happy,positive,2
highly recommend #8607,highly recommend,positive,2
worst experience ever #1249,bad experience ever,negative,0
loving this so much #942,love much,positive,2
as expected #7439,expect,neutral,1
waste of time #5945,waste time,negative,0
see you tomorrow #1501,see tomorrow,neutral,1
this is awful #1884,awful,negative,0
see you tomorrow #867,see tomorrow,neutral,1
worst experience ever #4228,bad experience ever,negative,0
fantastic support team #6094,fantastic support team,positive,2
excellent quality #2802,excellent quality,positive,2
this is awful #2424,awful,negative,0
standard procedure #2467,standard procedure,neutral,1
totally disappointed with this #4049,totally disappointed,negative,0
this is awful #718,awful,negative,0
the meeting is at 3pm #5267,meeting 3pm,neutral,1
loving this so much #5758,love much,positive,2
as expected #7902,expect,neutral,1
highly recommend #7138,highly recommend,positive,2
so happy with this #8763,happy,positive,2
terrible quality #917,terrible quality,negative,0
great experience #8000,great experience,positive,2
best day ever #749,best day ever,positive,2
totally disappointed with this #7625,totally disappointed,negative,0
this made my day #3138,make day,positive,2
hate this update #3704,hate update,negative,0
will follow up later #9590,follow later,neutral,1
this is awful #123,awful,negative,0
link attached for reference #4250,link attach reference,neutral,1
fantastic support team #8007,fantastic support team,positive,2
noted for the record #3215,note record,neutral,1
the meeting is at 3pm #6197,meeting 3pm,neutral,1
terrible quality #2466,terrible quality,negative,0
excellent quality #2050,excellent quality,positive,2
link attached for reference #4991,link attach reference,neutral,1
waste of time #3929,waste time,negative,0
highly recommend #9534,highly recommend,positive,2
loving this so much #9377,love much,positive,2
the meeting is at 3pm #8411,meeting 3pm,neutral,1
terrible quality #5127,terrible quality,negative,0
excellent quality #8286,excellent quality,positive,2
as expected #9645,expect,neutral,1
hate this update #9361,hate update,negative,0
hate this update #1557,hate update,negative,0
hate this update #6345,hate update,negative,0
loving this so much #9904,love much,positive,2
link attached for reference #8690,link attach reference,neutral,1
excellent quality #7920,excellent quality,positive,2
this is awful #9802,awful,negative,0
link attached for reference #1337,link attach reference,neutral,1
great experience #2362,great experience,positive,2
fantastic support team #6771,fantastic support team,positive,2
will follow up later #931,follow later,neutral,1
best day ever #9712,best day ever,positive,2
see you tomorrow #8195,see tomorrow,neutral,1
hate this update #1438,hate update,negative,0
best day ever #8519,best day ever,positive,2
see you tomorrow #2734,see tomorrow,neutral,1
hate this update #9277,hate update,negative,0
great experience #2950,great experience,positive,2
terrible quality #1058,terrible quality,negative,0
loving this so much #2073,love much,positive,2
would not recommend #8743,would recommend,negative,0
will follow up later #6983,follow later,neutral,1
best day ever #3552,best day ever,positive,2
see you tomorrow #6135,see tomorrow,neutral,1
highly recommend #2924,highly recommend,positive,2
loving this so much #404,love much,positive,2
terrible quality #6648,terrible quality,negative,0
best day ever #9469,best day ever,positive,2
excellent quality #8284,excellent quality,positive,2
hate this update #991,hate update,negative,0
waste of time #2624,waste time,negative,0
this is awful #7805,awful,negative,0
standard procedure #5521,standard procedure,neutral,1
noted for the record #8063,note record,neutral,1
this is awful #6698,awful,negative,0
hate this update #1539,hate update,negative,0
great experience #3269,great experience,positive,2
this is awful #3707,awful,negative,0
noted for the record #9388,note record,neutral,1
highly recommend #3548,highly recommend,positive,2
link attached for reference #4965,link attach reference,neutral,1
see you tomorrow #4943,see tomorrow,neutral,1
standard procedure #1885,standard procedure,neutral,1
great experience #4753,great experience,positive,2
as expected #141,expect,neutral,1
noted for the record #3764,note record,neutral,1
waste of time #438,waste time,negative,0
excellent quality #6646,excellent quality,positive,2
would not recommend #3772,would recommend,negative,0
excellent quality #6553,excellent quality,positive,2
would not recommend #9948,would recommend,negative,0
waste of time #6963,waste time,negative,0
hate this update #9923,hate update,negative,0
will follow up later #8595,follow later,neutral,1
this is awful #8020,awful,negative,0
will follow up later #3683,follow later,neutral,1
highly recommend #2929,highly recommend,positive,2
great experience #5739,great experience,positive,2
will follow up later #6147,follow later,neutral,1
see you tomorrow #717,see tomorrow,neutral,1
will follow up later #2567,follow later,neutral,1
worst experience ever #9635,bad experience ever,negative,0
noted for the record #2530,note record,neutral,1
totally disappointed with this #8961,totally disappointed,negative,0
would not recommend #7105,would recommend,negative,0
would not recommend #216,would recommend,negative,0
will follow up later #2359,follow later,neutral,1
so happy with this #4137,happy,positive,2
so happy with this #1240,happy,positive,2
best day ever #3232,best day ever,positive,2
great experience #8924,great experience,positive,2
the meeting is at 3pm #927,meeting 3pm,neutral,1
worst experience ever #1153,bad experience ever,negative,0
best day ever #5103,best day ever,positive,2
terrible quality #3924,terrible quality,negative,0
hate this update #1032,hate update,negative,0
noted for the record #5252,note record,neutral,1
highly recommend #2486,highly recommend,positive,2
link attached for reference #2154,link attach reference,neutral,1
would not recommend #3106,would recommend,negative,0
waste of time #9095,waste time,negative,0
ok thanks #4942,ok thanks,neutral,1
highly recommend #6825,highly recommend,positive,2
the meeting is at 3pm #7593,meeting 3pm,neutral,1
highly recommend #2742,highly recommend,positive,2
so frustrated right now #5531,frustrate right,negative,0
waste of time #8285,waste time,negative,0
loving this so much #9099,love much,positive,2
best day ever #1803,best day ever,positive,2
link attached for reference #6366,link attach reference,neutral,1
worst experience ever #7417,bad experience ever,negative,0
standard procedure #8027,standard procedure,neutral,1
worst experience ever #519,bad experience ever,negative,0
this made my day #9591,make day,positive,2
see you tomorrow #5285,see tomorrow,neutral,1
this made my day #8430,make day,positive,2
hate this update #3432,hate update,negative,0
ok thanks #7869,ok thanks,neutral,1
the meeting is at 3pm #4525,meeting 3pm,neutral,1
this is awful #8865,awful,negative,0
this made my day #3959,make day,positive,2
link attached for reference #576,link attach reference,neutral,1
waste of time #1430,waste time,negative,0
will follow up later #2151,follow later,neutral,1
this made my day #7930,make day,positive,2
loving this so much #4770,love much,positive,2
the meeting is at 3pm #5752,meeting 3pm,neutral,1
waste of time #485,waste time,negative,0
totally disappointed with this #6634,totally disappointed,negative,0
noted for the record #1500,note record,neutral,1
link attached for reference #7479,link attach reference,neutral,1
hate this update #6143,hate update,negative,0
standard procedure #1779,standard procedure,neutral,1
so frustrated right now #774,frustrate right,negative,0
the meeting is at 3pm #9000,meeting 3pm,neutral,1
the meeting is at 3pm #4761,meeting 3pm,neutral,1
see you tomorrow #5633,see tomorrow,neutral,1
great experience #8591,great experience,positive,2
loving this so much #6274,love much,positive,2
excellent quality #806,excellent quality,positive,2
best day ever #8013,best day ever,positive,2
noted for the record #3029,note record,neutral,1
as expected #1311,expect,neutral,1
noted for the record #9702,note record,neutral,1
would not recommend #1669,would recommend,negative,0
noted for the record #8930,note record,neutral,1
standard procedure #8674,standard procedure,neutral,1
great experience #6209,great experience,positive,2
this made my day #5149,make day,positive,2
worst experience ever #4227,bad experience ever,negative,0
the meeting is at 3pm #6929,meeting 3pm,neutral,1
will follow up later #3390,follow later,neutral,1
noted for the record #43,note record,neutral,1
see you tomorrow #4073,see tomorrow,neutral,1
link attached for reference #4020,link attach reference,neutral,1
as expected #3279,expect,neutral,1
ok thanks #5274,ok thanks,neutral,1
link attached for reference #456,link attach reference,neutral,1
ok thanks #6235,ok thanks,neutral,1
great experience #6604,great experience,positive,2
fantastic support team #4969,fantastic support team,positive,2
worst experience ever #6973,bad experience ever,negative,0
this made my day #922,make day,positive,2
this is awful #4976,awful,negative,0
great experience #487,great experience,positive,2
would not recommend #1925,would recommend,negative,0
so happy with this #4915,happy,positive,2
worst experience ever #3394,bad experience ever,negative,0
highly recommend #9744,highly recommend,positive,2
excellent quality #1101,excellent quality,positive,2
standard procedure #7365,standard procedure,neutral,1
so happy with this #6387,happy,positive,2
link attached for reference #9425,link attach reference,neutral,1
so frustrated right now #950,frustrate right,negative,0
the meeting is at 3pm #8880,meeting 3pm,neutral,1
noted for the record #884,note record,neutral,1
excellent quality #4934,excellent quality,positive,2
best day ever #6700,best day ever,positive,2
waste of time #6901,waste time,negative,0
would not recommend #4532,would recommend,negative,0
this is awful #3144,awful,negative,0
would not recommend #5491,would recommend,negative,0
noted for the record #3014,note record,neutral,1
standard procedure #2257,standard procedure,neutral,1
this is awful #3996,awful,negative,0
see you tomorrow #9675,see tomorrow,neutral,1
terrible quality #4450,terrible quality,negative,0
so happy with this #9346,happy,positive,2
this is awful #1633,awful,negative,0
best day ever #3146,best day ever,positive,2
fantastic support team #24,fantastic support team,positive,2
hate this update #4281,hate update,negative,0
this is awful #4921,awful,negative,0
highly recommend #6491,highly recommend,positive,2
would not recommend #4986,would recommend,negative,0
so frustrated right now #3138,frustrate right,negative,0
hate this update #6541,hate update,negative,0
as expected #3232,expect,neutral,1
would not recommend #7874,would recommend,negative,0
excellent quality #6629,excellent quality,positive,2
ok thanks #4446,ok thanks,neutral,1
great experience #9645,great experience,positive,2
waste of time #2020,waste time,negative,0
will follow up later #5429,follow later,neutral,1
totally disappointed with this #9071,totally disappointed,negative,0
hate this update #165,hate update,negative,0
hate this update #9855,hate update,negative,0
highly recommend #618,highly recommend,positive,2
great experience #3012,great experience,positive,2
would not recommend #917,would recommend,negative,0
excellent quality #2765,excellent quality,positive,2
will follow up later #7485,follow later,neutral,1
as expected #2447,expect,neutral,1
excellent quality #1764,excellent quality,positive,2
this is awful #5150,awful,negative,0
noted for the record #9928,note record,neutral,1
link attached for reference #7599,link attach reference,neutral,1
noted for the record #4197,note record,neutral,1
so happy with this #7904,happy,positive,2
terrible quality #8907,terrible quality,negative,0
great experience #4976,great experience,positive,2
noted for the record #8931,note record,neutral,1
worst experience ever #5081,bad experience ever,negative,0
would not recommend #6861,would recommend,negative,0
the meeting is at 3pm #6629,meeting 3pm,neutral,1
the meeting is at 3pm #6138,meeting 3pm,neutral,1
this made my day #4983,make day,positive,2
this is awful #6807,awful,negative,0
waste of time #1219,waste time,negative,0
worst experience ever #5592,bad experience ever,negative,0
hate this update #9360,hate update,negative,0
would not recommend #9247,would recommend,negative,0
highly recommend #4843,highly recommend,positive,2
noted for the record #5151,note record,neutral,1
as expected #8427,expect,neutral,1
noted for the record #3302,note record,neutral,1
so frustrated right now #8231,frustrate right,negative,0
will follow up later #4918,follow later,neutral,1
worst experience ever #7449,bad experience ever,negative,0
as expected #8267,expect,neutral,1
great experience #4893,great experience,positive,2
would not recommend #7998,would recommend,negative,0
would not recommend #5657,would recommend,negative,0
link attached for reference #8820,link attach reference,neutral,1
noted for the record #2836,note record,neutral,1
ok thanks #7081,ok thanks,neutral,1
best day ever #1035,best day ever,positive,2
hate this update #9947,hate update,negative,0
loving this so much #6530,love much,positive,2
so frustrated right now #3191,frustrate right,negative,0
terrible quality #9511,terrible quality,negative,0
see you tomorrow #5564,see tomorrow,neutral,1
standard procedure #5715,standard procedure,neutral,1
highly recommend #8893,highly recommend,positive,2
fantastic support team #7738,fantastic support team,positive,2
as expected #4346,expect,neutral,1
this made my day #782,make day,positive,2
totally disappointed with this #1712,totally disappointed,negative,0
this made my day #1424,make day,positive,2
this made my day #8118,make day,positive,2
so frustrated right now #6830,frustrate right,negative,0
worst experience ever #3215,bad experience ever,negative,0
as expected #7480,expect,neutral,1
great experience #8812,great experience,positive,2
as expected #3881,expect,neutral,1
so happy with this #8197,happy,positive,2
fantastic support team #5902,fantastic support team,positive,2
link attached for reference #4548,link attach reference,neutral,1
totally disappointed with this #5535,totally disappointed,negative,0
link attached for reference #387,link attach reference,neutral,1
loving this so much #5187,love much,positive,2
terrible quality #8374,terrible quality,negative,0
totally disappointed with this #5364,totally disappointed,negative,0
will follow up later #2691,follow later,neutral,1
hate this update #5010,hate update,negative,0
excellent quality #7062,excellent quality,positive,2
worst experience ever #3047,bad experience ever,negative,0
this is awful #5909,awful,negative,0
ok thanks #3083,ok thanks,neutral,1
so happy with this #40,happy,positive,2
noted for the record #6800,note record,neutral,1
ok thanks #3363,ok thanks,neutral,1
this made my day #4651,make day,positive,2
would not recommend #3103,would recommend,negative,0
so happy with this #7955,happy,positive,2
standard procedure #5273,standard procedure,neutral,1
loving this so much #1656,love much,positive,2
ok thanks #1421,ok thanks,neutral,1
totally disappointed with this #4657,totally disappointed,negative,0
so happy with this #9369,happy,positive,2
waste of time #6702,waste time,negative,0
loving this so much #9045,love much,positive,2
as expected #6382,expect,neutral,1
highly recommend #9642,highly recommend,positive,2
excellent quality #3813,excellent quality,positive,2
standard procedure #3964,standard procedure,neutral,1
excellent quality #5840,excellent quality,positive,2
would not recommend #4866,would recommend,negative,0
see you tomorrow #8608,see tomorrow,neutral,1
ok thanks #2199,ok thanks,neutral,1
this made my day #1160,make day,positive,2
standard procedure #8721,standard procedure,neutral,1
this is awful #3427,awful,negative,0
great experience #4473,great experience,positive,2
standard procedure #1815,standard procedure,neutral,1
link attached for reference #6790,link attach reference,neutral,1
this is awful #7351,awful,negative,0
as expected #587,expect,neutral,1
excellent quality #7513,excellent quality,positive,2
fantastic support team #328,fantastic support team,positive,2
hate this update #4896,hate update,negative,0
so happy with this #848,happy,positive,2
this is awful #3618,awful,negative,0
so frustrated right now #2960,frustrate right,negative,0
the meeting is at 3pm #9024,meeting 3pm,neutral,1
fantastic support team #618,fantastic support team,positive,2
will follow up later #7294,follow later,neutral,1
will follow up later #2658,follow later,neutral,1
fantastic support team #5562,fantastic support team,positive,2
excellent quality #429,excellent quality,positive,2
ok thanks #1201,ok thanks,neutral,1
will follow up later #7447,follow later,neutral,1
loving this so much #4734,love much,positive,2
this made my day #7982,make day,positive,2
fantastic support team #1764,fantastic support team,positive,2
excellent quality #9246,excellent quality,positive,2
will follow up later #2647,follow later,neutral,1
as expected #7167,expect,neutral,1
this is awful #5551,awful,negative,0
this is awful #6491,awful,negative,0
highly recommend #5947,highly recommend,positive,2
highly recommend #2517,highly recommend,positive,2
totally disappointed with this #5960,totally disappointed,negative,0
totally disappointed with this #2664,totally disappointed,negative,0
as expected #3290,expect,neutral,1
this is awful #8864,awful,negative,0
worst experience ever #2881,bad experience ever,negative,0
terrible quality #5652,terrible quality,negative,0
terrible quality #6462,terrible quality,negative,0
waste of time #2259,waste time,negative,0
this made my day #8870,make day,positive,2
will follow up later #5856,follow later,neutral,1
so happy with this #8757,happy,positive,2
hate this update #2145,hate update,negative,0
great experience #9076,great experience,positive,2
terrible quality #8556,terrible quality,negative,0
link attached for reference #5122,link attach reference,neutral,1
best day ever #3035,best day ever,positive,2
terrible quality #6187,terrible quality,negative,0
so frustrated right now #1374,frustrate right,negative,0
will follow up later #7936,follow later,neutral,1
waste of time #8271,waste time,negative,0
excellent quality #1803,excellent quality,positive,2
waste of time #9800,waste time,negative,0
hate this update #6104,hate update,negative,0
fantastic support team #5489,fantastic support team,positive,2
totally disappointed with this #9795,totally disappointed,negative,0
great experience #4536,great experience,positive,2
will follow up later #6498,follow later,neutral,1
as expected #1900,expect,neutral,1
waste of time #7194,waste time,negative,0
waste of time #4778,waste time,negative,0
great experience #6718,great experience,positive,2
highly recommend #2538,highly recommend,positive,2
this made my day #4915,make day,positive,2
so frustrated right now #1415,frustrate right,negative,0
highly recommend #5653,highly recommend,positive,2
best day ever #3694,best day ever,positive,2
standard procedure #8651,standard procedure,neutral,1
as expected #3960,expect,neutral,1
would not recommend #8505,would recommend,negative,0
loving this so much #8461,love much,positive,2
link attached for reference #6176,link attach reference,neutral,1
so frustrated right now #3059,frustrate right,negative,0
would not recommend #9718,would recommend,negative,0
see you tomorrow #884,see tomorrow,neutral,1
so frustrated right now #3950,frustrate right,negative,0
standard procedure #6247,standard procedure,neutral,1
standard procedure #6214,standard procedure,neutral,1
noted for the record #7530,note record,neutral,1
highly recommend #9733,highly recommend,positive,2
as expected #5026,expect,neutral,1
so happy with this #1908,happy,positive,2
ok thanks #3514,ok thanks,neutral,1
noted for the record #5024,note record,neutral,1
totally disappointed with this #4965,totally disappointed,negative,0
so frustrated right now #1345,frustrate right,negative,0
as expected #2585,expect,neutral,1
the meeting is at 3pm #5042,meeting 3pm,neutral,1
will follow up later #8707,follow later,neutral,1
great experience #2547,great experience,positive,2
ok thanks #9569,ok thanks,neutral,1
excellent quality #911,excellent quality,positive,2
so happy with this #7653,happy,positive,2
will follow up later #9765,follow later,neutral,1
this is awful #9823,awful,negative,0
the meeting is at 3pm #202,meeting 3pm,neutral,1
loving this so much #232,love much,positive,2
the meeting is at 3pm #9930,meeting 3pm,neutral,1
see you tomorrow #8925,see tomorrow,neutral,1
best day ever #1516,best day ever,positive,2
waste of time #1118,waste time,negative,0
best day ever #6155,best day ever,positive,2
see you tomorrow #7700,see tomorrow,neutral,1
see you tomorrow #9266,see tomorrow,neutral,1
excellent quality #5685,excellent quality,positive,2
highly recommend #1300,highly recommend,positive,2
would not recommend #5544,would recommend,negative,0
the meeting is at 3pm #1766,meeting 3pm,neutral,1
see you tomorrow #3813,see tomorrow,neutral,1
link attached for reference #1108,link attach reference,neutral,1
terrible quality #7869,terrible quality,negative,0
link attached for reference #599,link attach reference,neutral,1
best day ever #2848,best day ever,positive,2
this made my day #7224,make day,positive,2
highly recommend #140,highly recommend,positive,2
hate this update #9755,hate update,negative,0
link attached for reference #1505,link attach reference,neutral,1
fantastic support team #533,fantastic support team,positive,2
this made my day #1642,make day,positive,2
worst experience ever #6776,bad experience ever,negative,0
would not recommend #1916,would recommend,negative,0
excellent quality #9186,excellent quality,positive,2
hate this update #2559,hate update,negative,0
fantastic support team #7660,fantastic support team,positive,2
so happy with this #9100,happy,positive,2
link attached for reference #6065,link attach reference,neutral,1
so happy with this #4412,happy,positive,2
link attached for reference #5558,link attach reference,neutral,1
will follow up later #9131,follow later,neutral,1
terrible quality #7629,terrible quality,negative,0
terrible quality #416,terrible quality,negative,0
great experience #7302,great experience,positive,2
see you tomorrow #3651,see tomorrow,neutral,1
terrible quality #3863,terrible quality,negative,0
worst experience ever #348,bad experience ever,negative,0
see you tomorrow #7135,see tomorrow,neutral,1
worst experience ever #8608,bad experience ever,negative,0
the meeting is at 3pm #1997,meeting 3pm,neutral,1
terrible quality #312,terrible quality,negative,0
hate this update #3890,hate update,negative,0
fantastic support team #4932,fantastic support team,positive,2
ok thanks #2623,ok thanks,neutral,1
this made my day #5208,make day,positive,2
fantastic support team #5330,fantastic support team,positive,2
see you tomorrow #4371,see tomorrow,neutral,1
would not recommend #7919,would recommend,negative,0
link attached for reference #1282,link attach reference,neutral,1
will follow up later #8476,follow later,neutral,1
so happy with this #7048,happy,positive,2
hate this update #6535,hate update,negative,0
hate this update #3384,hate update,negative,0
best day ever #7107,best day ever,positive,2
hate this update #6981,hate update,negative,0
standard procedure #6673,standard procedure,neutral,1
as expected #184,expect,neutral,1
so frustrated right now #991,frustrate right,negative,0
loving this so much #8420,love much,positive,2
hate this update #6643,hate update,negative,0
this is awful #6161,awful,negative,0
link attached for reference #3196,link attach reference,neutral,1
as expected #6562,expect,neutral,1
so frustrated right now #7639,frustrate right,negative,0
best day ever #255,best day ever,positive,2
totally disappointed with this #2255,totally disappointed,negative,0
hate this update #3020,hate update,negative,0
would not recommend #4125,would recommend,negative,0
hate this update #4551,hate update,negative,0
as expected #767,expect,neutral,1
so frustrated right now #2402,frustrate right,negative,0
best day ever #4834,best day ever,positive,2
excellent quality #5940,excellent quality,positive,2
totally disappointed with this #9210,totally disappointed,negative,0
link attached for reference #2092,link attach reference,neutral,1
standard procedure #5921,standard procedure,neutral,1
excellent quality #8197,excellent quality,positive,2
ok thanks #6199,ok thanks,neutral,1
worst experience ever #4820,bad experience ever,negative,0
best day ever #9973,best day ever,positive,2
so happy with this #7466,happy,positive,2
best day ever #8502,best day ever,positive,2
see you tomorrow #6608,see tomorrow,neutral,1
will follow up later #329,follow later,neutral,1
standard procedure #5097,standard procedure,neutral,1
this is awful #8945,awful,negative,0
this is awful #4676,awful,negative,0
waste of time #7436,waste time,negative,0
hate this update #2780,hate update,negative,0
the meeting is at 3pm #7847,meeting 3pm,neutral,1
so happy with this #1535,happy,positive,2
excellent quality #4509,excellent quality,positive,2
will follow up later #9942,follow later,neutral,1
see you tomorrow #121,see tomorrow,neutral,1
standard procedure #2453,standard procedure,neutral,1
hate this update #8781,hate update,negative,0
the meeting is at 3pm #7744,meeting 3pm,neutral,1
waste of time #6346,waste time,negative,0
fantastic support team #7980,fantastic support team,positive,2
highly recommend #6083,highly recommend,positive,2
fantastic support team #9232,fantastic support team,positive,2
so happy with this #9822,happy,positive,2
excellent quality #6464,excellent quality,positive,2
great experience #7495,great experience,positive,2
so frustrated right now #1654,frustrate right,negative,0
link attached for reference #7095,link attach reference,neutral,1
link attached for reference #4724,link attach reference,neutral,1
link attached for reference #1239,link attach reference,neutral,1
highly recommend #4913,highly recommend,positive,2
would not recommend #3675,would recommend,negative,0
ok thanks #9707,ok thanks,neutral,1
link attached for reference #1786,link attach reference,neutral,1
noted for the record #4428,note record,neutral,1
so frustrated right now #1196,frustrate right,negative,0
would not recommend #1535,would recommend,negative,0
will follow up later #5045,follow later,neutral,1
great experience #5187,great experience,positive,2
standard procedure #7599,standard procedure,neutral,1
totally disappointed with this #7078,totally disappointed,negative,0
hate this update #9460,hate update,negative,0
waste of time #1046,waste time,negative,0
standard procedure #1238,standard procedure,neutral,1
so happy with this #8125,happy,positive,2
the meeting is at 3pm #2024,meeting 3pm,neutral,1
terrible quality #3878,terrible quality,negative,0
would not recommend #9475,would recommend,negative,0
loving this so much #3437,love much,positive,2
would not recommend #6087,would recommend,negative,0
totally disappointed with this #4087,totally disappointed,negative,0
great experience #1889,great experience,positive,2
see you tomorrow #260,see tomorrow,neutral,1
excellent quality #7685,excellent quality,positive,2
highly recommend #5363,highly recommend,positive,2
this is awful #9930,awful,negative,0
ok thanks #8229,ok thanks,neutral,1
worst experience ever #2532,bad experience ever,negative,0
will follow up later #9694,follow later,neutral,1
see you tomorrow #943,see tomorrow,neutral,1
as expected #9305,expect,neutral,1
see you tomorrow #1887,see tomorrow,neutral,1
this made my day #2786,make day,positive,2
so happy with this #2973,happy,positive,2
worst experience ever #9188,bad experience ever,negative,0
hate this update #3009,hate update,negative,0
excellent quality #1041,excellent quality,positive,2
highly recommend #2112,highly recommend,positive,2
this is awful #9415,awful,negative,0
loving this so much #8559,love much,positive,2
fantastic support team #6994,fantastic support team,positive,2
noted for the record #9279,note record,neutral,1
see you tomorrow #4794,see tomorrow,neutral,1
will follow up later #5375,follow later,neutral,1
noted for the record #8328,note record,neutral,1
the meeting is at 3pm #2547,meeting 3pm,neutral,1
the meeting is at 3pm #4463,meeting 3pm,neutral,1
the meeting is at 3pm #9576,meeting 3pm,neutral,1
link attached for reference #6428,link attach reference,neutral,1
loving this so much #9333,love much,positive,2
as expected #5878,expect,neutral,1
see you tomorrow #3520,see tomorrow,neutral,1
standard procedure #2498,standard procedure,neutral,1
loving this so much #7461,love much,positive,2
terrible quality #4762,terrible quality,negative,0
would not recommend #8146,would recommend,negative,0
as expected #5981,expect,neutral,1
loving this so much #3593,love much,positive,2
fantastic support team #3667,fantastic support team,positive,2
standard procedure #3592,standard procedure,neutral,1
best day ever #1148,best day ever,positive,2
excellent quality #7036,excellent quality,positive,2
totally disappointed with this #5973,totally disappointed,negative,0
totally disappointed with this #9522,totally disappointed,negative,0
see you tomorrow #4202,see tomorrow,neutral,1
best day ever #2126,best day ever,positive,2
as expected #588,expect,neutral,1
as expected #5219,expect,neutral,1
would not recommend #1809,would recommend,negative,0
best day ever #2368,best day ever,positive,2
would not recommend #3207,would recommend,negative,0
worst experience ever #951,bad experience ever,negative,0
ok thanks #9912,ok thanks,neutral,1
great experience #2557,great experience,positive,2
this made my day #4744,make day,positive,2
great experience #1861,great experience,positive,2
totally disappointed with this #4176,totally disappointed,negative,0
so happy with this #3969,happy,positive,2
would not recommend #197,would recommend,negative,0
this made my day #4800,make day,positive,2
so frustrated right now #844,frustrate right,negative,0
will follow up later #3145,follow later,neutral,1
terrible quality #4389,terrible quality,negative,0
would not recommend #9675,would recommend,negative,0
this is awful #5327,awful,negative,0
waste of time #1775,waste time,negative,0
totally disappointed with this #2279,totally disappointed,negative,0
excellent quality #3344,excellent quality,positive,2
excellent quality #8962,excellent quality,positive,2
fantastic support team #4740,fantastic support team,positive,2
worst experience ever #7723,bad experience ever,negative,0
totally disappointed with this #12,totally disappointed,negative,0
standard procedure #4104,standard procedure,neutral,1
this made my day #9590,make day,positive,2
so happy with this #5861,happy,positive,2
the meeting is at 3pm #490,meeting 3pm,neutral,1
highly recommend #2950,highly recommend,positive,2
ok thanks #3383,ok thanks,neutral,1
highly recommend #182,highly recommend,positive,2
highly recommend #676,highly recommend,positive,2
ok thanks #6875,ok thanks,neutral,1
best day ever #8561,best day ever,positive,2
ok thanks #6868,ok thanks,neutral,1
worst experience ever #9994,bad experience ever,negative,0
so frustrated right now #505,frustrate right,negative,0
will follow up later #4626,follow later,neutral,1
so frustrated right now #9991,frustrate right,negative,0
standard procedure #2416,standard procedure,neutral,1
so happy with this #5964,happy,positive,2
would not recommend #6674,would recommend,negative,0
link attached for reference #7877,link attach reference,neutral,1
terrible quality #6981,terrible quality,negative,0
highly recommend #2250,highly recommend,positive,2
the meeting is at 3pm #1807,meeting 3pm,neutral,1
as expected #5028,expect,neutral,1
fantastic support team #6427,fantastic support team,positive,2
so frustrated right now #6930,frustrate right,negative,0
link attached for reference #6105,link attach reference,neutral,1
great experience #5364,great experience,positive,2
noted for the record #7992,note record,neutral,1
would not recommend #5456,would recommend,negative,0
this made my day #519,make day,positive,2
hate this update #9173,hate update,negative,0
hate this update #8061,hate update,negative,0
noted for the record #1002,note record,neutral,1
this made my day #3788,make day,positive,2
ok thanks #9028,ok thanks,neutral,1
fantastic support team #7906,fantastic support team,positive,2
waste of time #1523,waste time,negative,0
worst experience ever #1158,bad experience ever,negative,0
highly recommend #6560,highly recommend,positive,2
fantastic support team #3448,fantastic support team,positive,2
the meeting is at 3pm #7675,meeting 3pm,neutral,1
so happy with this #2923,happy,positive,2
this made my day #8358,make day,positive,2
totally disappointed with this #181,totally disappointed,negative,0
worst experience ever #2533,bad experience ever,negative,0
fantastic support team #1748,fantastic support team,positive,2
this made my day #3032,make day,positive,2
terrible quality #7219,terrible quality,negative,0
waste of time #3794,waste time,negative,0
as expected #3920,expect,neutral,1
standard procedure #9792,standard procedure,neutral,1
worst experience ever #8511,bad experience ever,negative,0
best day ever #1115,best day ever,positive,2
the meeting is at 3pm #6377,meeting 3pm,neutral,1
great experience #5108,great experience,positive,2
loving this so much #901,love much,positive,2
so frustrated right now #6259,frustrate right,negative,0
best day ever #6002,best day ever,positive,2
great experience #8042,great experience,positive,2
ok thanks #3244,ok thanks,neutral,1
waste of time #8140,waste time,negative,0
ok thanks #9059,ok thanks,neutral,1
waste of time #9267,waste time,negative,0
see you tomorrow #2482,see tomorrow,neutral,1
waste of time #8412,waste time,negative,0
see you tomorrow #5051,see tomorrow,neutral,1
ok thanks #7960,ok thanks,neutral,1
this made my day #8163,make day,positive,2
loving this so much #3829,love much,positive,2
great experience #7323,great experience,positive,2
excellent quality #7980,excellent quality,positive,2
loving this so much #6197,love much,positive,2
fantastic support team #1339,fantastic support team,positive,2
this made my day #4240,make day,positive,2
loving this so much #1885,love much,positive,2
worst experience ever #900,bad experience ever,negative,0
noted for the record #9133,note record,neutral,1
excellent quality #3110,excellent quality,positive,2
best day ever #9160,best day ever,positive,2
would not recommend #410,would recommend,negative,0
so happy with this #7783,happy,positive,2
so frustrated right now #1091,frustrate right,negative,0
totally disappointed with this #2296,totally disappointed,negative,0
highly recommend #201,highly recommend,positive,2
worst experience ever #2703,bad experience ever,negative,0
best day ever #4313,best day ever,positive,2
so frustrated right now #4898,frustrate right,negative,0
noted for the record #6830,note record,neutral,1
noted for the record #5502,note record,neutral,1
hate this update #7947,hate update,negative,0
terrible quality #6109,terrible quality,negative,0
best day ever #6724,best day ever,positive,2
so happy with this #6108,happy,positive,2
see you tomorrow #3415,see tomorrow,neutral,1
worst experience ever #8311,bad experience ever,negative,0
waste of time #5944,waste time,negative,0
so frustrated right now #3663,frustrate right,negative,0
standard procedure #6230,standard procedure,neutral,1
totally disappointed with this #8562,totally disappointed,negative,0
hate this update #4371,hate update,negative,0
totally disappointed with this #1192,totally disappointed,negative,0
this is awful #7257,awful,negative,0
so happy with this #9994,happy,positive,2
will follow up later #1222,follow later,neutral,1
terrible quality #1978,terrible quality,negative,0
highly recommend #7758,highly recommend,positive,2
ok thanks #8828,ok thanks,neutral,1
worst experience ever #2812,bad experience ever,negative,0
as expected #2910,expect,neutral,1
waste of time #4673,waste time,negative,0
would not recommend #6636,would recommend,negative,0
as expected #9285,expect,neutral,1
fantastic support team #3904,fantastic support team,positive,2
as expected #4313,expect,neutral,1
will follow up later #5817,follow later,neutral,1
terrible quality #6322,terrible quality,negative,0
highly recommend #4421,highly recommend,positive,2
see you tomorrow #242,see tomorrow,neutral,1
great experience #5158,great experience,positive,2
the meeting is at 3pm #1441,meeting 3pm,neutral,1
fantastic support team #4257,fantastic support team,positive,2
totally disappointed with this #7781,totally disappointed,negative,0
hate this update #7957,hate update,negative,0
hate this update #139,hate update,negative,0
so frustrated right now #7743,frustrate right,negative,0
loving this so much #8493,love much,positive,2
the meeting is at 3pm #549,meeting 3pm,neutral,1
noted for the record #2409,note record,neutral,1
totally disappointed with this #3203,totally disappointed,negative,0
totally disappointed with this #7874,totally disappointed,negative,0
link attached for reference #6984,link attach reference,neutral,1
loving this so much #1710,love much,positive,2
the meeting is at 3pm #663,meeting 3pm,neutral,1
hate this update #8677,hate update,negative,0
noted for the record #6062,note record,neutral,1
as expected #4691,expect,neutral,1
fantastic support team #4843,fantastic support team,positive,2
standard procedure #6024,standard procedure,neutral,1
this is awful #4482,awful,negative,0
would not recommend #7584,would recommend,negative,0
totally disappointed with this #5995,totally disappointed,negative,0
terrible quality #4503,terrible quality,negative,0
will follow up later #777,follow later,neutral,1
highly recommend #1950,highly recommend,positive,2
terrible quality #8883,terrible quality,negative,0
ok thanks #1969,ok thanks,neutral,1
totally disappointed with this #3298,totally disappointed,negative,0
great experience #9541,great experience,positive,2
so frustrated right now #8783,frustrate right,negative,0
standard procedure #9498,standard procedure,neutral,1
worst experience ever #1064,bad experience ever,negative,0
this made my day #7610,make day,positive,2
this is awful #508,awful,negative,0
best day ever #6947,best day ever,positive,2
so happy with this #1058,happy,positive,2
so frustrated right now #1872,frustrate right,negative,0
fantastic support team #4340,fantastic support team,positive,2
link attached for reference #252,link attach reference,neutral,1
waste of time #1828,waste time,negative,0
waste of time #9152,waste time,negative,0
excellent quality #1781,excellent quality,positive,2
hate this update #2989,hate update,negative,0
the meeting is at 3pm #2278,meeting 3pm,neutral,1
the meeting is at 3pm #718,meeting 3pm,neutral,1
loving this so much #7186,love much,positive,2
fantastic support team #3599,fantastic support team,positive,2
so happy with this #1721,happy,positive,2
excellent quality #7647,excellent quality,positive,2
great experience #2559,great experience,positive,2
hate this update #9209,hate update,negative,0
loving this so much #8966,love much,positive,2
loving this so much #6919,love much,positive,2
highly recommend #8270,highly recommend,positive,2
totally disappointed with this #4912,totally disappointed,negative,0
see you tomorrow #5483,see tomorrow,neutral,1
hate this update #6678,hate update,negative,0
as expected #4935,expect,neutral,1
ok thanks #9233,ok thanks,neutral,1
great experience #2829,great experience,positive,2
so frustrated right now #7812,frustrate right,negative,0
this is awful #7992,awful,negative,0
will follow up later #6860,follow later,neutral,1
the meeting is at 3pm #4924,meeting 3pm,neutral,1
the meeting is at 3pm #6309,meeting 3pm,neutral,1
so happy with this #6041,happy,positive,2
noted for the record #7766,note record,neutral,1
noted for the record #5221,note record,neutral,1
totally disappointed with this #2947,totally disappointed,negative,0
hate this update #5127,hate update,negative,0
so frustrated right now #8983,frustrate right,negative,0
as expected #7408,expect,neutral,1
highly recommend #9074,highly recommend,positive,2
totally disappointed with this #3024,totally disappointed,negative,0
fantastic support team #5509,fantastic support team,positive,2
this is awful #7324,awful,negative,0
best day ever #2501,best day ever,positive,2
will follow up later #250,follow later,neutral,1
will follow up later #3390,follow later,neutral,1
see you tomorrow #8762,see tomorrow,neutral,1
totally disappointed with this #5840,totally disappointed,negative,0
as expected #2166,expect,neutral,1
best day ever #8640,best day ever,positive,2
will follow up later #8074,follow later,neutral,1
terrible quality #9532,terrible quality,negative,0
best day ever #3300,best day ever,positive,2
so frustrated right now #4955,frustrate right,negative,0
loving this so much #1855,love much,positive,2
so frustrated right now #9761,frustrate right,negative,0
totally disappointed with this #5548,totally disappointed,negative,0
link attached for reference #3547,link attach reference,neutral,1
would not recommend #1120,would recommend,negative,0
hate this update #620,hate update,negative,0
so frustrated right now #8743,frustrate right,negative,0
great experience #2831,great experience,positive,2
would not recommend #4290,would recommend,negative,0
see you tomorrow #7210,see tomorrow,neutral,1
the meeting is at 3pm #7604,meeting 3pm,neutral,1
terrible quality #4809,terrible quality,negative,0
this is awful #3170,awful,negative,0
so happy with this #5895,happy,positive,2
will follow up later #6086,follow later,neutral,1
best day ever #2284,best day ever,positive,2
great experience #3058,great experience,positive,2
this made my day #9868,make day,positive,2
best day ever #5366,best day ever,positive,2
ok thanks #5503,ok thanks,neutral,1
terrible quality #23,terrible quality,negative,0
as expected #6269,expect,neutral,1
waste of time #8585,waste time,negative,0
this made my day #363,make day,positive,2
the meeting is at 3pm #1518,meeting 3pm,neutral,1
the meeting is at 3pm #5607,meeting 3pm,neutral,1
the meeting is at 3pm #6753,meeting 3pm,neutral,1
see you tomorrow #5552,see tomorrow,neutral,1
great experience #9962,great experience,positive,2
highly recommend #6955,highly recommend,positive,2
noted for the record #1041,note record,neutral,1
waste of time #8931,waste time,negative,0
so happy with this #1544,happy,positive,2
fantastic support team #1017,fantastic support team,positive,2
loving this so much #855,love much,positive,2
see you tomorrow #2352,see tomorrow,neutral,1
will follow up later #8290,follow later,neutral,1
waste of time #190,waste time,negative,0
so happy with this #8551,happy,positive,2
the meeting is at 3pm #932,meeting 3pm,neutral,1
standard procedure #1244,standard procedure,neutral,1
terrible quality #1290,terrible quality,negative,0
highly recommend #2640,highly recommend,positive,2
worst experience ever #9106,bad experience ever,negative,0
see you tomorrow #7827,see tomorrow,neutral,1
so frustrated right now #8520,frustrate right,negative,0
hate this update #5626,hate update,negative,0
this made my day #310,make day,positive,2
ok thanks #7081,ok thanks,neutral,1
as expected #3426,expect,neutral,1
will follow up later #1082,follow later,neutral,1
link attached for reference #1352,link attach reference,neutral,1
waste of time #45,waste time,negative,0
so frustrated right now #9361,frustrate right,negative,0
standard procedure #1086,standard procedure,neutral,1
see you tomorrow #4753,see tomorrow,neutral,1
terrible quality #1876,terrible quality,negative,0
noted for the record #8099,note record,neutral,1
best day ever #1432,best day ever,positive,2
worst experience ever #5164,bad experience ever,negative,0
as expected #7573,expect,neutral,1
will follow up later #4577,follow later,neutral,1
great experience #6780,great experience,positive,2
would not recommend #227,would recommend,negative,0
ok thanks #7638,ok thanks,neutral,1
terrible quality #4493,terrible quality,negative,0
terrible quality #2413,terrible quality,negative,0
highly recommend #3017,highly recommend,positive,2
loving this so much #6170,love much,positive,2
best day ever #1897,best day ever,positive,2
best day ever #6690,best day ever,positive,2
best day ever #264,best day ever,positive,2
see you tomorrow #9860,see tomorrow,neutral,1
waste of time #4091,waste time,negative,0
this is awful #494,awful,negative,0
this made my day #6135,make day,positive,2
worst experience ever #4498,bad experience ever,negative,0
terrible quality #5847,terrible quality,negative,0
great experience #5369,great experience,positive,2
best day ever #155,best day ever,positive,2
standard procedure #309,standard procedure,neutral,1
loving this so much #4026,love much,positive,2
worst experience ever #7960,bad experience ever,negative,0
noted for the record #8618,note record,neutral,1
the meeting is at 3pm #1619,meeting 3pm,neutral,1
fantastic support team #7752,fantastic support team,positive,2
loving this so much #3575,love much,positive,2
terrible quality #9016,terrible quality,negative,0
this is awful #9353,awful,negative,0
ok thanks #8489,ok thanks,neutral,1
loving this so much #5671,love much,positive,2
as expected #2796,expect,neutral,1
noted for the record #7100,note record,neutral,1
hate this update #7499,hate update,negative,0
fantastic support team #5508,fantastic support team,positive,2
best day ever #9069,best day ever,positive,2
will follow up later #517,follow later,neutral,1
loving this so much #901,love much,positive,2
so frustrated right now #3191,frustrate right,negative,0
standard procedure #4784,standard procedure,neutral,1
this made my day #9990,make day,positive,2
excellent quality #5029,excellent quality,positive,2
ok thanks #4343,ok thanks,neutral,1
link attached for reference #1190,link attach reference,neutral,1
see you tomorrow #4811,see tomorrow,neutral,1
standard procedure #3605,standard procedure,neutral,1
as expected #9291,expect,neutral,1
the meeting is at 3pm #2571,meeting 3pm,neutral,1
noted for the record #3612,note record,neutral,1
terrible quality #1893,terrible quality,negative,0
waste of time #8848,waste time,negative,0
worst experience ever #9662,bad experience ever,negative,0
totally disappointed with this #1260,totally disappointed,negative,0
terrible quality #3125,terrible quality,negative,0
great experience #9071,great experience,positive,2
the meeting is at 3pm #5296,meeting 3pm,neutral,1
highly recommend #401,highly recommend,positive,2
as expected #5290,expect,neutral,1
would not recommend #4439,would recommend,negative,0
noted for the record #9097,note record,neutral,1
totally disappointed with this #5,totally disappointed,negative,0
loving this so much #6760,love much,positive,2
fantastic support team #1933,fantastic support team,positive,2
great experience #5378,great experience,positive,2
the meeting is at 3pm #9898,meeting 3pm,neutral,1
worst experience ever #4363,bad experience ever,negative,0
the meeting is at 3pm #724,meeting 3pm,neutral,1
waste of time #451,waste time,negative,0
totally disappointed with this #1145,totally disappointed,negative,0
standard procedure #6660,standard procedure,neutral,1
fantastic support team #9532,fantastic support team,positive,2
the meeting is at 3pm #472,meeting 3pm,neutral,1
highly recommend #1576,highly recommend,positive,2
noted for the record #9454,note record,neutral,1
link attached for reference #6267,link attach reference,neutral,1
this made my day #2320,make day,positive,2
this made my day #8858,make day,positive,2
this made my day #7110,make day,positive,2
standard procedure #5217,standard procedure,neutral,1
would not recommend #8533,would recommend,negative,0
as expected #9982,expect,neutral,1
would not recommend #1258,would recommend,negative,0
will follow up later #5316,follow later,neutral,1
highly recommend #3155,highly recommend,positive,2
great experience #7620,great experience,positive,2
fantastic support team #8323,fantastic support team,positive,2
will follow up later #1535,follow later,neutral,1
as expected #38,expect,neutral,1
as expected #3986,expect,neutral,1
waste of time #6379,waste time,negative,0
standard procedure #2782,standard procedure,neutral,1
so frustrated right now #4383,frustrate right,negative,0
highly recommend #1498,highly recommend,positive,2
hate this update #3265,hate update,negative,0
highly recommend #2470,highly recommend,positive,2
fantastic support team #9445,fantastic support team,positive,2
loving this so much #8383,love much,positive,2
totally disappointed with this #9528,totally disappointed,negative,0
loving this so much #4493,love much,positive,2
best day ever #7583,best day ever,positive,2
this made my day #1803,make day,positive,2
as expected #4122,expect,neutral,1
this made my day #101,make day,positive,2
great experience #3712,great experience,positive,2
would not recommend #1077,would recommend,negative,0
link attached for reference #4928,link attach reference,neutral,1
the meeting is at 3pm #9276,meeting 3pm,neutral,1
link attached for reference #1808,link attach reference,neutral,1
waste of time #7048,waste time,negative,0
totally disappointed with this #6825,totally disappointed,negative,0
great experience #2633,great experience,positive,2
excellent quality #1969,excellent quality,positive,2
excellent quality #43,excellent quality,positive,2
so frustrated right now #1792,frustrate right,negative,0
the meeting is at 3pm #7233,meeting 3pm,neutral,1
terrible quality #1074,terrible quality,negative,0
would not recommend #1343,would recommend,negative,0
highly recommend #7213,highly recommend,positive,2
link attached for reference #8750,link attach reference,neutral,1
so frustrated right now #4186,frustrate right,negative,0
totally disappointed with this #5685,totally disappointed,negative,0
highly recommend #5547,highly recommend,positive,2
hate this update #3730,hate update,negative,0
highly recommend #7981,highly recommend,positive,2
loving this so much #6008,love much,positive,2
highly recommend #4410,highly recommend,positive,2
worst experience ever #1397,bad experience ever,negative,0
waste of time #7261,waste time,negative,0
link attached for reference #3157,link attach reference,neutral,1
this is awful #1763,awful,negative,0
so frustrated right now #3790,frustrate right,negative,0
this is awful #6524,awful,negative,0
this is awful #1653,awful,negative,0
loving this so much #1562,love much,positive,2
so happy with this #688,happy,positive,2
totally disappointed with this #4901,totally disappointed,negative,0
this is awful #1772,awful,negative,0
loving this so much #3280,love much,positive,2
loving this so much #4000,love much,positive,2
would not recommend #9615,would recommend,negative,0
link attached for reference #7452,link attach reference,neutral,1
excellent quality #5790,excellent quality,positive,2
worst experience ever #2993,bad experience ever,negative,0
link attached for reference #8105,link attach reference,neutral,1
will follow up later #1007,follow later,neutral,1
the meeting is at 3pm #1325,meeting 3pm,neutral,1
highly recommend #2097,highly recommend,positive,2
would not recommend #2447,would recommend,negative,0
terrible quality #7767,terrible quality,negative,0
as expected #4823,expect,neutral,1
so happy with this #4527,happy,positive,2
best day ever #1120,best day ever,positive,2
terrible quality #6438,terrible quality,negative,0
hate this update #4585,hate update,negative,0
terrible quality #8435,terrible quality,negative,0
noted for the record #2347,note record,neutral,1
best day ever #3401,best day ever,positive,2
would not recommend #3941,would recommend,negative,0
link attached for reference #5433,link attach reference,neutral,1
this is awful #3207,awful,negative,0
link attached for reference #2962,link attach reference,neutral,1
link attached for reference #5677,link attach reference,neutral,1
see you tomorrow #7545,see tomorrow,neutral,1
terrible quality #9026,terrible quality,negative,0
the meeting is at 3pm #3689,meeting 3pm,neutral,1
this is awful #501,awful,negative,0
see you tomorrow #9312,see tomorrow,neutral,1
would not recommend #2808,would recommend,negative,0
highly recommend #6867,highly recommend,positive,2
see you tomorrow #4426,see tomorrow,neutral,1
best day ever #8201,best day ever,positive,2
terrible quality #3171,terrible quality,negative,0
this is awful #7451,awful,negative,0
excellent quality #7160,excellent quality,positive,2
waste of time #6196,waste time,negative,0
totally disappointed with this #9643,totally disappointed,negative,0
loving this so much #2713,love much,positive,2
link attached for reference #4452,link attach reference,neutral,1
best day ever #7891,best day ever,positive,2
excellent quality #7890,excellent quality,positive,2
so frustrated right now #5996,frustrate right,negative,0
so happy with this #7201,happy,positive,2
noted for the record #858,note record,neutral,1
totally disappointed with this #2524,totally disappointed,negative,0
waste of time #4378,waste time,negative,0
waste of time #3075,waste time,negative,0
excellent quality #7416,excellent quality,positive,2
see you tomorrow #1930,see tomorrow,neutral,1
this made my day #7041,make day,positive,2
great experience #3756,great experience,positive,2
waste of time #1299,waste time,negative,0
this made my day #9145,make day,positive,2
totally disappointed with this #4557,totally disappointed,negative,0
so frustrated right now #3666,frustrate right,negative,0
hate this update #944,hate update,negative,0
would not recommend #6254,would recommend,negative,0
worst experience ever #3615,bad experience ever,negative,0
the meeting is at 3pm #4023,meeting 3pm,neutral,1
so happy with this #747,happy,positive,2
excellent quality #1621,excellent quality,positive,2
so frustrated right now #2909,frustrate right,negative,0
totally disappointed with this #807,totally disappointed,negative,0
waste of time #3423,waste time,negative,0
this made my day #2026,make day,positive,2
hate this update #5942,hate update,negative,0
this made my day #2362,make day,positive,2
standard procedure #890,standard procedure,neutral,1
loving this so much #7602,love much,positive,2
worst experience ever #6017,bad experience ever,negative,0
ok thanks #3076,ok thanks,neutral,1
as expected #7180,expect,neutral,1
ok thanks #6735,ok thanks,neutral,1
waste of time #2416,waste time,negative,0
fantastic support team #5191,fantastic support team,positive,2
terrible quality #1528,terrible quality,negative,0
see you tomorrow #8554,see tomorrow,neutral,1
standard procedure #9178,standard procedure,neutral,1
the meeting is at 3pm #4032,meeting 3pm,neutral,1
excellent quality #4152,excellent quality,positive,2
waste of time #9486,waste time,negative,0
terrible quality #8322,terrible quality,negative,0
best day ever #7316,best day ever,positive,2
standard procedure #2834,standard procedure,neutral,1
great experience #9668,great experience,positive,2
this made my day #1585,make day,positive,2
hate this update #1883,hate update,negative,0
hate this update #5045,hate update,negative,0
this made my day #6564,make day,positive,2
ok thanks #8483,ok thanks,neutral,1
this is awful #7020,awful,negative,0
standard procedure #8103,standard procedure,neutral,1
great experience #5735,great experience,positive,2
link attached for reference #7043,link attach reference,neutral,1
totally disappointed with this #8043,totally disappointed,negative,0
as expected #4979,expect,neutral,1
standard procedure #969,standard procedure,neutral,1
this is awful #7820,awful,negative,0
link attached for reference #9506,link attach reference,neutral,1
terrible quality #3712,terrible quality,negative,0
standard procedure #508,standard procedure,neutral,1
see you tomorrow #5654,see tomorrow,neutral,1
worst experience ever #7426,bad experience ever,negative,0
excellent quality #3517,excellent quality,positive,2
excellent quality #4709,excellent quality,positive,2
would not recommend #4186,would recommend,negative,0
best day ever #3462,best day ever,positive,2
terrible quality #9771,terrible quality,negative,0
standard procedure #3201,standard procedure,neutral,1
best day ever #4716,best day ever,positive,2
as expected #7596,expect,neutral,1
noted for the record #2162,note record,neutral,1
as expected #8725,expect,neutral,1
hate this update #5145,hate update,negative,0
link attached for reference #74,link attach reference,neutral,1
so frustrated right now #6722,frustrate right,negative,0
link attached for reference #86,link attach reference,neutral,1
loving this so much #404,love much,positive,2
excellent quality #360,excellent quality,positive,2
see you tomorrow #2201,see tomorrow,neutral,1
noted for the record #5339,note record,neutral,1
great experience #6324,great experience,positive,2
fantastic support team #6858,fantastic support team,positive,2
great experience #1350,great experience,positive,2
waste of time #1184,waste time,negative,0
totally disappointed with this #2531,totally disappointed,negative,0
link attached for reference #4311,link attach reference,neutral,1
so happy with this #4531,happy,positive,2
highly recommend #3571,highly recommend,positive,2
terrible quality #1372,terrible quality,negative,0
will follow up later #8295,follow later,neutral,1
will follow up later #4725,follow later,neutral,1
this made my day #9561,make day,positive,2
as expected #7995,expect,neutral,1
link attached for reference #2878,link attach reference,neutral,1
so happy with this #7076,happy,positive,2
would not recommend #675,would recommend,negative,0
standard procedure #6718,standard procedure,neutral,1
fantastic support team #1844,fantastic support team,positive,2
terrible quality #2536,terrible quality,negative,0
ok thanks #4013,ok thanks,neutral,1
highly recommend #3220,highly recommend,positive,2
see you tomorrow #5457,see tomorrow,neutral,1
as expected #3608,expect,neutral,1
