text,sentiment,target
standard procedure #1394,neutral,1
terrible quality #7132,negative,0
will follow up later #5469,neutral,1
noted for the record #7456,neutral,1
highly recommend #5189,positive,2
hate this update #4329,negative,0
so frustrated right now #3274,negative,0
noted for the record #5824,neutral,1
loving this so much #5383,positive,2
this is awful #2478,negative,0
totally disappointed with this #8008,negative,0
would not recommend #4510,negative,0
so happy with this #8287,positive,2
loving this so much #3720,positive,2
will follow up later #27,neutral,1
ok thanks #3032,neutral,1
this made my day #9086,positive,2
fantastic support team #877,positive,2
see you tomorrow #9745,neutral,1
this is awful #1767,negative,0
loving this so much #3096,positive,2
the meeting is at 3pm #8671,neutral,1
so happy with this #9019,positive,2
so happy with this #4305,positive,2
worst experience ever #3361,negative,0
hate this update #9846,negative,0
hate this update #1189,negative,0
this is awful #2207,negative,0
standard procedure #4512,neutral,1
the meeting is at 3pm #8150,neutral,1
noted for the record #9697,neutral,1
this is awful #5318,negative,0
waste of time #2070,negative,0
loving this so much #6906,positive,2
would not recommend #8924,negative,0
standard procedure #1610,neutral,1
link attached for reference #5140,neutral,1
so frustrated right now #3336,negative,0
ok thanks #9002,neutral,1
fantastic support team #4457,positive,2
will follow up later #48,neutral,1
would not recommend #1085,negative,0
this is awful #4988,negative,0
excellent quality #5531,positive,2
best day ever #19,positive,2
this is awful #6997,negative,0
terrible quality #2813,negative,0
this made my day #9356,positive,2
see you tomorrow #1679,neutral,1
so happy with this #2672,positive,2
this made my day #5111,positive,2
this made my day #572,positive,2
see you tomorrow #9370,neutral,1
worst experience ever #5748,negative,0
noted for the record #1570,neutral,1
waste of time #1552,negative,0
noted for the record #4161,neutral,1
would not recommend #228,negative,0
great experience #5333,positive,2
totally disappointed with this #9306,negative,0
loving this so much #844,positive,2
totally disappointed with this #1554,negative,0
link attached for reference #6741,neutral,1
totally disappointed with this #1635,negative,0
highly recommend #999,positive,2
ok thanks #3772,neutral,1
totally disappointed with this #9966,negative,0
excellent quality #5115,positive,2
excellent quality #2414,positive,2
ok thanks #110,neutral,1
fantastic support team #4636,positive,2
highly recommend #7323,positive,2
great experience #5401,positive,2
highly recommend #715,positive,2
worst experience ever #8961,negative,0
waste of time #401,negative,0
so frustrated right now #6302,negative,0
as expected #1350,neutral,1
would not recommend #7875,negative,0
noted for the record #5394,neutral,1
hate this update #6081,negative,0
excellent quality #5808,positive,2
ok thanks #9869,neutral,1
hate this update #1523,negative,0
best day ever #9741,positive,2
worst experience ever #423,negative,0
link attached for reference #8536,neutral,1
see you tomorrow #1083,neutral,1
as expected #2504,neutral,1
worst experience ever #3985,negative,0
standard procedure #7875,neutral,1
as expected #2117,neutral,1
would not recommend #8433,negative,0
this made my day #4759,positive,2
this made my day #3162,positive,2
hate this update #2077,negative,0
highly recommend #3563,positive,2
standard procedure #9504,neutral,1
ok thanks #6136,neutral,1
hate this update #7519,negative,0
so frustrated right now #553,negative,0
worst experience ever #7154,negative,0
link attached for reference #8983,neutral,1
this made my day #8001,positive,2
will follow up later #7390,neutral,1
worst experience ever #7720,negative,0
this made my day #8169,positive,2
worst experience ever #3239,negative,0
noted for the record #2974,neutral,1
terrible quality #4627,negative,0
fantastic support team #9083,positive,2
this is awful #3573,negative,0
highly recommend #2198,positive,2
the meeting is at 3pm #8898,neutral,1
loving this so much #4156,positive,2
will follow up later #2880,neutral,1
worst experience ever #6007,negative,0
so happy with this #9522,positive,2
will follow up later #8274,neutral,1
so frustrated right now #4482,negative,0
great experience #5861,positive,2
excellent quality #4147,positive,2
this made my day #9982,positive,2
loving this so much #4829,positive,2
terrible quality #298,negative,0
fantastic support team #6359,positive,2
ok thanks #2100,neutral,1
this is awful #7798,negative,0
will follow up later #1542,neutral,1
as expected #5214,neutral,1
totally disappointed with this #6217,negative,0
fantastic support team #139,positive,2
hate this update #1532,negative,0
standard procedure #3278,neutral,1
hate this update #5204,negative,0
this made my day #1867,positive,2
standard procedure #217,neutral,1
as expected #712,neutral,1
link attached for reference #7631,neutral,1
will follow up later #2246,neutral,1
link attached for reference #4600,neutral,1
great experience #6,positive,2
standard procedure #2441,neutral,1
great experience #2261,positive,2
the meeting is at 3pm #4578,neutral,1
waste of time #4618,negative,0
worst experience ever #4695,negative,0
this made my day #5962,positive,2
would not recommend #1180,negative,0
ok thanks #4676,neutral,1
noted for the record #5921,neutral,1
highly recommend #2781,positive,2
would not recommend #2376,negative,0
ok thanks #4482,neutral,1
totally disappointed with this #4347,negative,0
the meeting is at 3pm #364,neutral,1
would not recommend #4350,negative,0
as expected #6142,neutral,1
terrible quality #6329,negative,0
terrible quality #5650,negative,0
as expected #2015,neutral,1
worst experience ever #4690,negative,0
so frustrated right now #6766,negative,0
so frustrated right now #1445,negative,0
worst experience ever #3900,negative,0
loving this so much #1631,positive,2
ok thanks #9884,neutral,1
hate this update #5864,negative,0
highly recommend #5417,positive,2
see you tomorrow #8951,neutral,1
standard procedure #6483,neutral,1
fantastic support team #4506,positive,2
fantastic support team #249,positive,2
highly recommend #3402,positive,2
worst experience ever #9845,negative,0
waste of time #9744,negative,0
the meeting is at 3pm #4090,neutral,1
loving this so much #8402,positive,2
ok thanks #6935,neutral,1
fantastic support team #6604,positive,2
will follow up later #5861,neutral,1
excellent quality #9,positive,2
would not recommend #6772,negative,0
the meeting is at 3pm #5826,neutral,1
so happy with this #3087,positive,2
so frustrated right now #4932,negative,0
fantastic support team #7181,positive,2
best day ever #7012,positive,2
excellent quality #9153,positive,2
will follow up later #9369,neutral,1
standard procedure #3521,neutral,1
so happy with this #8681,positive,2
would not recommend #8294,negative,0
hate this update #940,negative,0
waste of time #3159,negative,0
totally disappointed with this #9359,negative,0
the meeting is at 3pm #3495,neutral,1
link attached for reference #2459,neutral,1
would not recommend #492,negative,0
link attached for reference #8058,neutral,1
great experience #4979,positive,2
standard procedure #8465,neutral,1
fantastic support team #5629,positive,2
fantastic support team #683,positive,2
excellent quality #1352,positive,2
loving this so much #204,positive,2
loving this so much #3306,positive,2
terrible quality #6776,negative,0
will follow up later #4141,neutral,1
terrible quality #3783,negative,0
hate this update #6102,negative,0
excellent quality #7051,positive,2
this made my day #4742,positive,2
fantastic support team #3081,positive,2
this made my day #8292,positive,2
standard procedure #6599,neutral,1
hate this update #7743,negative,0
fantastic support team #1562,positive,2
so frustrated right now #4757,negative,0
excellent quality #7964,positive,2
waste of time #1377,negative,0
great experience #9496,positive,2
terrible quality #2669,negative,0
standard procedure #2402,neutral,1
excellent quality #9762,positive,2
ok thanks #3934,neutral,1
noted for the record #5569,neutral,1
this made my day #3314,positive,2
this is awful #4936,negative,0
would not recommend #6522,negative,0
excellent quality #4509,positive,2
waste of time #3944,negative,0
totally disappointed with this #2731,negative,0
the meeting is at 3pm #8526,neutral,1
fantastic support team #1856,positive,2
fantastic support team #7089,positive,2
this is awful #9359,negative,0
best day ever #7060,positive,2
waste of time #441,negative,0
best day ever #6669,positive,2
will follow up later #2588,neutral,1
see you tomorrow #412,neutral,1
excellent quality #5106,positive,2
worst experience ever #6519,negative,0
will follow up later #4462,neutral,1
noted for the record #7561,neutral,1
hate this update #633,negative,0
loving this so much #702,positive,2
the meeting is at 3pm #2578,neutral,1
totally disappointed with this #2947,negative,0
noted for the record #5718,neutral,1
fantastic support team #7120,positive,2
terrible quality #8276,negative,0
noted for the record #2628,neutral,1
see you tomorrow #9451,neutral,1
totally disappointed with this #1383,negative,0
link attached for reference #8755,neutral,1
so happy with this #4541,positive,2
so frustrated right now #8325,negative,0
so happy with this #2155,positive,2
terrible quality #5724,negative,0
standard procedure #3084,neutral,1
loving this so much #2426,positive,2
hate this update #7729,negative,0
noted for the record #7491,neutral,1
loving this so much #2116,positive,2
hate this update #638,negative,0
will follow up later #6972,neutral,1
link attached for reference #3002,neutral,1
highly recommend #2637,positive,2
this made my day #6226,positive,2
so frustrated right now #8641,negative,0
terrible quality #1894,negative,0
highly recommend #5392,positive,2
waste of time #1189,negative,0
link attached for reference #1749,neutral,1
great experience #2409,positive,2
noted for the record #9140,neutral,1
so frustrated right now #5903,negative,0
terrible quality #8368,negative,0
will follow up later #5522,neutral,1
hate this update #486,negative,0
link attached for reference #6747,neutral,1
hate this update #8875,negative,0
link attached for reference #2576,neutral,1
standard procedure #1238,neutral,1
this made my day #7000,positive,2
highly recommend #5279,positive,2
this made my day #6945,positive,2
so happy with this #7479,positive,2
waste of time #6854,negative,0
best day ever #5101,positive,2
the meeting is at 3pm #7284,neutral,1
worst experience ever #841,negative,0
see you tomorrow #6938,neutral,1
loving this so much #7918,positive,2
see you tomorrow #3446,neutral,1
fantastic support team #9976,positive,2
totally disappointed with this #5219,negative,0
this is awful #176,negative,0
see you tomorrow #3224,neutral,1
this made my day #6448,positive,2
worst experience ever #8900,negative,0
excellent quality #2024,positive,2
best day ever #8662,positive,2
excellent quality #6177,positive,2
the meeting is at 3pm #9560,neutral,1
ok thanks #7103,neutral,1
as expected #8444,neutral,1
worst experience ever #9361,negative,0
will follow up later #4871,neutral,1
so frustrated right now #9163,negative,0
waste of time #4400,negative,0
see you tomorrow #2367,neutral,1
link attached for reference #8307,neutral,1
best day ever #5819,positive,2
noted for the record #423,neutral,1
this made my day #6218,positive,2
ok thanks #9856,neutral,1
loving this so much #63,positive,2
noted for the record #8729,neutral,1
totally disappointed with this #9718,negative,0
highly recommend #5606,positive,2
see you tomorrow #1397,neutral,1
hate this update #8589,negative,0
worst experience ever #9368,negative,0
this made my day #4047,positive,2
ok thanks #1864,neutral,1
standard procedure #4212,neutral,1
so happy with this #8313,positive,2
would not recommend #6492,negative,0
hate this update #960,negative,0
excellent quality #9749,positive,2
see you tomorrow #9413,neutral,1
would not recommend #2436,negative,0
will follow up later #2762,neutral,1
the meeting is at 3pm #2276,neutral,1
would not recommend #9556,negative,0
fantastic support team #1672,positive,2
ok thanks #6415,neutral,1
highly recommend #1401,positive,2
excellent quality #7793,positive,2
loving this so much #3959,positive,2
link attached for reference #6818,neutral,1
waste of time #231,negative,0
ok thanks #509,neutral,1
loving this so much #8779,positive,2
noted for the record #7701,neutral,1
hate this update #3044,negative,0
so happy with this #8596,positive,2
noted for the record #5209,neutral,1
as expected #9940,neutral,1
totally disappointed with this #9975,negative,0
this made my day #6999,positive,2
great experience #9347,positive,2
as expected #1632,neutral,1
so happy with this #6588,positive,2
loving this so much #290,positive,2
noted for the record #750,neutral,1
highly recommend #6117,positive,2
as expected #5542,neutral,1
worst experience ever #9954,negative,0
totally disappointed with this #968,negative,0
worst experience ever #2363,negative,0
this is awful #5195,negative,0
will follow up later #2348,neutral,1
great experience #6038,positive,2
noted for the record #4986,neutral,1
link attached for reference #9403,neutral,1
this made my day #2698,positive,2
fantastic support team #6539,positive,2
fantastic support team #6200,positive,2
waste of time #4659,negative,0
as expected #4813,neutral,1
this is awful #5089,negative,0
will follow up later #1657,neutral,1
will follow up later #9605,neutral,1
terrible quality #555,negative,0
waste of time #5297,negative,0
totally disappointed with this #3479,negative,0
will follow up later #2223,neutral,1
hate this update #8014,negative,0
waste of time #5007,negative,0
waste of time #8047,negative,0
would not recommend #6587,negative,0
waste of time #6525,negative,0
fantastic support team #2163,positive,2
excellent quality #5314,positive,2
waste of time #8225,negative,0
fantastic support team #5705,positive,2
standard procedure #1838,neutral,1
will follow up later #1184,neutral,1
ok thanks #341,neutral,1
loving this so much #8564,positive,2
noted for the record #2868,neutral,1
fantastic support team #1188,positive,2
would not recommend #3607,negative,0
will follow up later #5276,neutral,1
so happy with this #9356,positive,2
the meeting is at 3pm #6355,neutral,1
would not recommend #2578,negative,0
great experience #6394,positive,2
standard procedure #7868,neutral,1
highly recommend #1285,positive,2
ok thanks #7460,neutral,1
worst experience ever #8334,negative,0
see you tomorrow #7100,neutral,1
hate this update #876,negative,0
noted for the record #3782,neutral,1
totally disappointed with this #4115,negative,0
so frustrated right now #7385,negative,0
fantastic support team #2891,positive,2
worst experience ever #351,negative,0
as expected #5494,neutral,1
totally disappointed with this #4234,negative,0
see you tomorrow #3426,neutral,1
ok thanks #4916,neutral,1
best day ever #3067,positive,2
this is awful #946,negative,0
as expected #1526,neutral,1
so frustrated right now #7817,negative,0
ok thanks #2079,neutral,1
see you tomorrow #4665,neutral,1
link attached for reference #7341,neutral,1
terrible quality #6310,negative,0
so frustrated right now #877,negative,0
worst experience ever #7585,negative,0
as expected #7728,neutral,1
this is awful #3649,negative,0
best day ever #9908,positive,2
totally disappointed with this #9585,negative,0
as expected #4609,neutral,1
see you tomorrow #4638,neutral,1
totally disappointed with this #16,negative,0
see you tomorrow #8057,neutral,1
this made my day #5470,positive,2
this made my day #9152,positive,2
terrible quality #9327,negative,0
so frustrated right now #1030,negative,0
noted for the record #5472,neutral,1
excellent quality #703,positive,2
excellent quality #2962,positive,2
noted for the record #9370,neutral,1
so happy with this #1513,positive,2
so frustrated right now #8494,negative,0
as expected #9988,neutral,1
excellent quality #4646,positive,2
hate this update #8444,negative,0
so happy with this #2486,positive,2
link attached for reference #2076,neutral,1
loving this so much #4398,positive,2
would not recommend #4612,negative,0
loving this so much #6545,positive,2
as expected #8406,neutral,1
fantastic support team #5083,positive,2
so happy with this #9246,positive,2
so frustrated right now #5509,negative,0
will follow up later #2252,neutral,1
so frustrated right now #7002,negative,0
terrible quality #3925,negative,0
this made my day #1449,positive,2
worst experience ever #963,negative,0
terrible quality #6375,negative,0
so frustrated right now #9366,negative,0
standard procedure #7725,neutral,1
as expected #4565,neutral,1
this made my day #6526,positive,2
the meeting is at 3pm #4177,neutral,1
this made my day #4410,positive,2
totally disappointed with this #1504,negative,0
so frustrated right now #696,negative,0
standard procedure #9314,neutral,1
would not recommend #4906,negative,0
excellent quality #589,positive,2
the meeting is at 3pm #7545,neutral,1
so happy with this #1778,positive,2
as expected #3204,neutral,1
waste of time #1729,negative,0
terrible quality #8738,negative,0
so frustrated right now #2484,negative,0
would not recommend #6364,negative,0
great experience #8400,positive,2
this made my day #2002,positive,2
fantastic support team #4170,positive,2
so happy with this #1375,positive,2
loving this so much #2833,positive,2
would not recommend #7807,negative,0
will follow up later #2325,neutral,1
so frustrated right now #2435,negative,0
will follow up later #9812,neutral,1
see you tomorrow #5482,neutral,1
will follow up later #5712,neutral,1
totally disappointed with this #2847,negative,0
see you tomorrow #2913,neutral,1
excellent quality #6855,positive,2
best day ever #4393,positive,2
would not recommend #8020,negative,0
great experience #5234,positive,2
standard procedure #4361,neutral,1
this made my day #5343,positive,2
the meeting is at 3pm #2731,neutral,1
ok thanks #2794,neutral,1
this made my day #2489,positive,2
excellent quality #1581,positive,2
great experience #7924,positive,2
ok thanks #7822,neutral,1
waste of time #1237,negative,0
worst experience ever #5893,negative,0
worst experience ever #3785,negative,0
link attached for reference #7914,neutral,1
terrible quality #6832,negative,0
see you tomorrow #2704,neutral,1
so happy with this #282,positive,2
standard procedure #5851,neutral,1
loving this so much #710,positive,2
this is awful #1105,negative,0
ok thanks #2898,neutral,1
fantastic support team #4423,positive,2
highly recommend #3792,positive,2
would not recommend #8231,negative,0
standard procedure #2130,neutral,1
the meeting is at 3pm #4562,neutral,1
this is awful #1049,negative,0
ok thanks #6539,neutral,1
standard procedure #5829,neutral,1
worst experience ever #4699,negative,0
great experience #4785,positive,2
highly recommend #5882,positive,2
will follow up later #4316,neutral,1
loving this so much #7378,positive,2
link attached for reference #6422,neutral,1
would not recommend #1317,negative,0
best day ever #3278,positive,2
fantastic support team #7447,positive,2
worst experience ever #2043,negative,0
waste of time #1603,negative,0
great experience #9090,positive,2
terrible quality #4158,negative,0
as expected #1072,neutral,1
terrible quality #8457,negative,0
loving this so much #4484,positive,2
standard procedure #3362,neutral,1
would not recommend #2019,negative,0
ok thanks #1659,neutral,1
totally disappointed with this #9267,negative,0
worst experience ever #2140,negative,0
this made my day #8344,positive,2
waste of time #54,negative,0
ok thanks #4510,neutral,1
terrible quality #5445,negative,0
highly recommend #5286,positive,2
would not recommend #40,negative,0
noted for the record #7642,neutral,1
so frustrated right now #6115,negative,0
so happy with this #1878,positive,2
the meeting is at 3pm #2840,neutral,1
standard procedure #980,neutral,1
best day ever #732,positive,2
highly recommend #8040,positive,2
totally disappointed with this #358,negative,0
waste of time #7721,negative,0
would not recommend #1439,negative,0
noted for the record #9218,neutral,1
will follow up later #9233,neutral,1
worst experience ever #5724,negative,0
would not recommend #4085,negative,0
this is awful #3480,negative,0
so frustrated right now #5900,negative,0
great experience #5996,positive,2
this made my day #9051,positive,2
terrible quality #2751,negative,0
excellent quality #1008,positive,2
totally disappointed with this #6339,negative,0
would not recommend #3615,negative,0
fantastic support team #8559,positive,2
so frustrated right now #7467,negative,0
as expected #5197,neutral,1
standard procedure #9424,neutral,1
the meeting is at 3pm #6404,neutral,1
this is awful #7502,negative,0
will follow up later #9441,neutral,1
loving this so much #1246,positive,2
the meeting is at 3pm #1499,neutral,1
totally disappointed with this #941,negative,0
hate this update #1477,negative,0
the meeting is at 3pm #3512,neutral,1
link attached for reference #5218,neutral,1
this is awful #3961,negative,0
best day ever #9890,positive,2
would not recommend #1382,negative,0
would not recommend #5202,negative,0
so happy with this #3928,positive,2
will follow up later #9021,neutral,1
link attached for reference #2991,neutral,1
ok thanks #425,neutral,1
worst experience ever #3736,negative,0
excellent quality #2868,positive,2
the meeting is at 3pm #5076,neutral,1
hate this update #3307,negative,0
this is awful #1655,negative,0
waste of time #5314,negative,0
this is awful #6191,negative,0
as expected #2634,neutral,1
standard procedure #2307,neutral,1
this made my day #5605,positive,2
as expected #6218,neutral,1
link attached for reference #5657,neutral,1
so happy with this #4392,positive,2
link attached for reference #9950,neutral,1
loving this so much #6144,positive,2
excellent quality #2111,positive,2
see you tomorrow #607,neutral,1
fantastic support team #7906,positive,2
waste of time #6322,negative,0
loving this so much #4254,positive,2
terrible quality #4829,negative,0
waste of time #6578,negative,0
terrible quality #6122,negative,0
hate this update #9090,negative,0
this made my day #8694,positive,2
this made my day #6813,positive,2
loving this so much #5707,positive,2
will follow up later #4888,neutral,1
best day ever #4762,positive,2
so happy with this #3235,positive,2
highly recommend #9468,positive,2
hate this update #4496,negative,0
waste of time #6619,negative,0
this made my day #5530,positive,2
so frustrated right now #1659,negative,0
so happy with this #5425,positive,2
this made my day #1782,positive,2
see you tomorrow #1729,neutral,1
totally disappointed with this #5041,negative,0
totally disappointed with this #552,negative,0
link attached for reference #4472,neutral,1
hate this update #8787,negative,0
will follow up later #9132,neutral,1
standard procedure #7703,neutral,1
will follow up later #3752,neutral,1
link attached for reference #5964,neutral,1
great experience #1817,positive,2
terrible quality #6203,negative,0
best day ever #9529,positive,2
would not recommend #9529,negative,0
great experience #5143,positive,2
the meeting is at 3pm #740,neutral,1
standard procedure #2878,neutral,1
terrible quality #6059,negative,0
so happy with this #2086,positive,2
terrible quality #3975,negative,0
see you tomorrow #2652,neutral,1
terrible quality #6526,negative,0
terrible quality #3292,negative,0
great experience #7895,positive,2
link attached for reference #8424,neutral,1
see you tomorrow #1178,neutral,1
totally disappointed with this #6824,negative,0
fantastic support team #547,positive,2
terrible quality #1875,negative,0
waste of time #4203,negative,0
so happy with this #8851,positive,2
hate this update #4217,negative,0
would not recommend #5372,negative,0
totally disappointed with this #3853,negative,0
will follow up later #8729,neutral,1
fantastic support team #3287,positive,2
standard procedure #9191,neutral,1
so frustrated right now #4610,negative,0
this is awful #7789,negative,0
noted for the record #4283,neutral,1
ok thanks #4992,neutral,1
ok thanks #7930,neutral,1
great experience #1948,positive,2
worst experience ever #5545,negative,0
excellent quality #759,positive,2
as expected #9122,neutral,1
so frustrated right now #4564,negative,0
ok thanks #6104,neutral,1
best day ever #8069,positive,2
best day ever #4320,positive,2
will follow up later #1140,neutral,1
fantastic support team #4065,positive,2
so frustrated right now #403,negative,0
this made my day #8198,positive,2
would not recommend #5295,negative,0
hate this update #4249,negative,0
this is awful #9456,negative,0
the meeting is at 3pm #3778,neutral,1
standard procedure #3596,neutral,1
loving this so much #8927,positive,2
totally disappointed with this #4964,negative,0
this made my day #9362,positive,2
totally disappointed with this #9237,negative,0
noted for the record #3965,neutral,1
worst experience ever #8879,negative,0
great experience #4095,positive,2
totally disappointed with this #4012,negative,0
would not recommend #5543,negative,0
hate this update #2845,negative,0
so happy with this #1297,positive,2
ok thanks #8517,neutral,1
excellent quality #8876,positive,2
waste of time #1637,negative,0
terrible quality #4400,negative,0
best day ever #8355,positive,2
see you tomorrow #7114,neutral,1
ok thanks #9720,neutral,1
ok thanks #3733,neutral,1
see you tomorrow #9976,neutral,1
great experience #3422,positive,2
highly recommend #652,positive,2
hate this update #631,negative,0
highly recommend #1291,positive,2
hate this update #4004,negative,0
loving this so much #4939,positive,2
link attached for reference #2825,neutral,1
hate this update #6015,negative,0
standard procedure #9529,neutral,1
will follow up later #9807,neutral,1
this is awful #491,negative,0
best day ever #6416,positive,2
this is awful #581,negative,0
so frustrated right now #2025,negative,0
noted for the record #2412,neutral,1
worst experience ever #7508,negative,0
standard procedure #6887,neutral,1
totally disappointed with this #5717,negative,0
hate this update #3315,negative,0
the meeting is at 3pm #6437,neutral,1
totally disappointed with this #8930,negative,0
this is awful #73,negative,0
best day ever #6794,positive,2
loving this so much #2215,positive,2
fantastic support team #4235,positive,2
best day ever #6387,positive,2
great experience #4591,positive,2
highly recommend #5922,positive,2
great experience #7236,positive,2
would not recommend #3222,negative,0
highly recommend #3502,positive,2
great experience #3932,positive,2
this made my day #7229,positive,2
see you tomorrow #4083,neutral,1
would not recommend #107,negative,0
standard procedure #4028,neutral,1
this made my day #1181,positive,2
waste of time #2272,negative,0
standard procedure #8196,neutral,1
totally disappointed with this #5938,negative,0
totally disappointed with this #4168,negative,0
as expected #7566,neutral,1
excellent quality #1464,positive,2
ok thanks #5994,neutral,1
noted for the record #9873,neutral,1
link attached for reference #109,neutral,1
excellent quality #262,positive,2
so frustrated right now #8751,negative,0
as expected #8774,neutral,1
ok thanks #8732,neutral,1
the meeting is at 3pm #889,neutral,1
so frustrated right now #2893,negative,0
waste of time #4741,negative,0
highly recommend #3667,positive,2
this is awful #9987,negative,0
the meeting is at 3pm #7234,neutral,1
highly recommend #1541,positive,2
fantastic support team #5640,positive,2
best day ever #6217,positive,2
this is awful #2601,negative,0
this is awful #8810,negative,0
as expected #6840,neutral,1
totally disappointed with this #8916,negative,0
link attached for reference #2645,neutral,1
waste of time #3941,negative,0
loving this so much #5289,positive,2
the meeting is at 3pm #1618,neutral,1
ok thanks #9076,neutral,1
this made my day #194,positive,2
totally disappointed with this #1932,negative,0
best day ever #9297,positive,2
totally disappointed with this #9687,negative,0
the meeting is at 3pm #9902,neutral,1
best day ever #393,positive,2
this is awful #3013,negative,0
loving this so much #3033,positive,2
best day ever #1121,positive,2
waste of time #8668,negative,0
fantastic support team #3092,positive,2
terrible quality #533,negative,0
as expected #2407,neutral,1
great experience #3191,positive,2
fantastic support team #7634,positive,2
so happy with this #3909,positive,2
best day ever #3369,positive,2
waste of time #8967,negative,0
this is awful #8421,negative,0
so happy with this #7149,positive,2
great experience #868,positive,2
waste of time #9026,negative,0
highly recommend #6590,positive,2
this made my day #4196,positive,2
as expected #6777,neutral,1
this made my day #568,positive,2
excellent quality #3396,positive,2
this made my day #4701,positive,2
ok thanks #3138,neutral,1
so happy with this #8654,positive,2
the meeting is at 3pm #4652,neutral,1
loving this so much #9068,positive,2
worst experience ever #6860,negative,0
terrible quality #3641,negative,0
loving this so much #3765,positive,2
loving this so much #312,positive,2
will follow up later #7298,neutral,1
this made my day #9153,positive,2
totally disappointed with this #5984,negative,0
waste of time #1851,negative,0
this is awful #3341,negative,0
see you tomorrow #282,neutral,1
link attached for reference #5,neutral,1
so frustrated right now #6308,negative,0
the meeting is at 3pm #2745,neutral,1
so happy with this #4065,positive,2
worst experience ever #6218,negative,0
great experience #2749,positive,2
loving this so much #2166,positive,2
this is awful #9473,negative,0
will follow up later #3927,neutral,1
this is awful #6260,negative,0
waste of time #5220,negative,0
see you tomorrow #4169,neutral,1
excellent quality #863,positive,2
see you tomorrow #7965,neutral,1
noted for the record #4319,neutral,1
hate this update #1218,negative,0
this made my day #6150,positive,2
best day ever #807,positive,2
link attached for reference #540,neutral,1
waste of time #1396,negative,0
totally disappointed with this #3144,negative,0
the meeting is at 3pm #5324,neutral,1
standard procedure #308,neutral,1
link attached for reference #8666,neutral,1
link attached for reference #3802,neutral,1
this is awful #3606,negative,0
this is awful #2574,negative,0
loving this so much #1844,positive,2
terrible quality #6331,negative,0
noted for the record #4524,neutral,1
great experience #2709,positive,2
so frustrated right now #9903,negative,0
link attached for reference #6825,neutral,1
fantastic support team #4789,positive,2
fantastic support team #6594,positive,2
hate this update #6034,negative,0
so frustrated right now #1397,negative,0
hate this update #5618,negative,0
waste of time #3109,negative,0
terrible quality #1310,negative,0
link attached for reference #6794,neutral,1
this made my day #8794,positive,2
noted for the record #935,neutral,1
terrible quality #4760,negative,0
great experience #2301,positive,2
best day ever #843,positive,2
as expected #9307,neutral,1
this made my day #1989,positive,2
ok thanks #4224,neutral,1
standard procedure #5967,neutral,1
standard procedure #8589,neutral,1
this made my day #7072,positive,2
terrible quality #1982,negative,0
excellent quality #327,positive,2
this made my day #9370,positive,2
worst experience ever #1219,negative,0
link attached for reference #9799,neutral,1
highly recommend #4198,positive,2
noted for the record #8355,neutral,1
hate this update #124,negative,0
terrible quality #9529,negative,0
highly recommend #298,positive,2
would not recommend #5307,negative,0
the meeting is at 3pm #1027,neutral,1
great experience #9701,positive,2
excellent quality #4243,positive,2
would not recommend #75,negative,0
terrible quality #9206,negative,0
excellent quality #8794,positive,2
loving this so much #2756,positive,2
worst experience ever #6163,negative,0
so happy with this #9399,positive,2
great experience #1412,positive,2
excellent quality #3646,positive,2
totally disappointed with this #1484,negative,0
highly recommend #5383,positive,2
standard procedure #7429,neutral,1
the meeting is at 3pm #9097,neutral,1
so happy with this #7878,positive,2
this made my day #4835,positive,2
so happy with this #1017,positive,2
so frustrated right now #3833,negative,0
loving this so much #4274,positive,2
as expected #2627,neutral,1
totally disappointed with this #8513,negative,0
so frustrated right now #1612,negative,0
excellent quality #8102,positive,2
worst experience ever #5188,negative,0
loving this so much #636,positive,2
loving this so much #5673,positive,2
the meeting is at 3pm #7640,neutral,1
standard procedure #4717,neutral,1
waste of time #7749,negative,0
noted for the record #6714,neutral,1
the meeting is at 3pm #686,neutral,1
waste of time #9378,negative,0
fantastic support team #399,positive,2
best day ever #9881,positive,2
link attached for reference #5250,neutral,1
loving this so much #6185,positive,2
as expected #4068,neutral,1
this is awful #4544,negative,0
fantastic support team #9620,positive,2
fantastic support team #4323,positive,2
as expected #5635,neutral,1
totally disappointed with this #989,negative,0
link attached for reference #1699,neutral,1
the meeting is at 3pm #6061,neutral,1
link attached for reference #7984,neutral,1
noted for the record #7297,neutral,1
worst experience ever #5404,negative,0
this made my day #8242,positive,2
would not recommend #1660,negative,0
link attached for reference #164,neutral,1
waste of time #7176,negative,0
waste of time #9698,negative,0
so happy with this #2184,positive,2
highly recommend #4229,positive,2
hate this update #5559,negative,0
best day ever #7170,positive,2
the meeting is at 3pm #3878,neutral,1
terrible quality #5036,negative,0
so happy with this #1237,positive,2
best day ever #2775,positive,2
fantastic support team #4097,positive,2
totally disappointed with this #7057,negative,0
great experience #518,positive,2
link attached for reference #642,neutral,1
loving this so much #2734,positive,2
noted for the record #4639,neutral,1
will follow up later #3940,neutral,1
hate this update #3699,negative,0
so happy with this #932,positive,2
so happy with this #3880,positive,2
terrible quality #8222,negative,0
noted for the record #7534,neutral,1
loving this so much #7414,positive,2
fantastic support team #5059,positive,2
standard procedure #4553,neutral,1
terrible quality #605,negative,0
highly recommend #9590,positive,2
ok thanks #2062,neutral,1
as expected #3551,neutral,1
standard procedure #6838,neutral,1
waste of time #4582,negative,0
standard procedure #9086,neutral,1
fantastic support team #1274,positive,2
will follow up later #2027,neutral,1
noted for the record #4290,neutral,1
loving this so much #8157,positive,2
would not recommend #8262,negative,0
see you tomorrow #3688,neutral,1
worst experience ever #1729,negative,0
best day ever #6858,positive,2
link attached for reference #2865,neutral,1
excellent quality #9242,positive,2
link attached for reference #9908,neutral,1
hate this update #8674,negative,0
the meeting is at 3pm #5796,neutral,1
this is awful #904,negative,0
hate this update #1016,negative,0
noted for the record #4892,neutral,1
so happy with this #1737,positive,2
as expected #1458,neutral,1
see you tomorrow #8955,neutral,1
link attached for reference #6927,neutral,1
ok thanks #1465,neutral,1
highly recommend #3216,positive,2
see you tomorrow #8239,neutral,1
loving this so much #2342,positive,2
loving this so much #5203,positive,2
loving this so much #8129,positive,2
so frustrated right now #7496,negative,0
this is awful #9756,negative,0
worst experience ever #3123,negative,0
the meeting is at 3pm #8757,neutral,1
link attached for reference #7983,neutral,1
noted for the record #751,neutral,1
the meeting is at 3pm #9300,neutral,1
highly recommend #5638,positive,2
so happy with this #3180,positive,2
this made my day #6355,positive,2
hate this update #8362,negative,0
waste of time #6625,negative,0
best day ever #262,positive,2
loving this so much #5933,positive,2
so frustrated right now #4135,negative,0
great experience #2616,positive,2
highly recommend #1288,positive,2
best day ever #1390,positive,2
as expected #8361,neutral,1
highly recommend #2903,positive,2
this is awful #7206,negative,0
great experience #2252,positive,2
best day ever #4383,positive,2
highly recommend #717,positive,2
would not recommend #4861,negative,0
loving this so much #5072,positive,2
this is awful #528,negative,0
great experience #8644,positive,2
waste of time #1923,negative,0
so frustrated right now #2722,negative,0
loving this so much #9056,positive,2
excellent quality #9051,positive,2
terrible quality #2119,negative,0
would not recommend #2781,negative,0
this is awful #4279,negative,0
great experience #5535,positive,2
will follow up later #9711,neutral,1
excellent quality #4319,positive,2
this made my day #129,positive,2
totally disappointed with this #9792,negative,0
highly recommend #9329,positive,2
will follow up later #8144,neutral,1
ok thanks #935,neutral,1
great experience #3148,positive,2
so frustrated right now #4710,negative,0
standard procedure #8297,neutral,1
so happy with this #9667,positive,2
terrible quality #583,negative,0
terrible quality #3850,negative,0
fantastic support team #3179,positive,2
ok thanks #7493,neutral,1
so frustrated right now #6167,negative,0
highly recommend #3440,positive,2
noted for the record #3991,neutral,1
so happy with this #8468,positive,2
worst experience ever #8519,negative,0
totally disappointed with this #7054,negative,0
terrible quality #1879,negative,0
so frustrated right now #7278,negative,0
standard procedure #4262,neutral,1
will follow up later #5786,neutral,1
fantastic support team #6843,positive,2
see you tomorrow #8897,neutral,1
link attached for reference #9867,neutral,1
great experience #70,positive,2
this is awful #1368,negative,0
this is awful #8745,negative,0
noted for the record #9997,neutral,1
as expected #8150,neutral,1
fantastic support team #5064,positive,2
highly recommend #9375,positive,2
excellent quality #5791,positive,2
link attached for reference #2001,neutral,1
terrible quality #1073,negative,0
this made my day #8095,positive,2
great experience #1615,positive,2
link attached for reference #4382,neutral,1
great experience #975,positive,2
totally disappointed with this #451,negative,0
would not recommend #1628,negative,0
loving this so much #2488,positive,2
excellent quality #7054,positive,2
best day ever #9023,positive,2
the meeting is at 3pm #8766,neutral,1
terrible quality #178,negative,0
best day ever #7513,positive,2
loving this so much #8487,positive,2
highly recommend #7456,positive,2
excellent quality #3904,positive,2
hate this update #9125,negative,0
hate this update #361,negative,0
excellent quality #389,positive,2
ok thanks #4860,neutral,1
totally disappointed with this #3183,negative,0
ok thanks #1410,neutral,1
excellent quality #3779,positive,2
best day ever #2930,positive,2
this is awful #4379,negative,0
so frustrated right now #5348,negative,0
best day ever #1063,positive,2
so frustrated right now #4460,negative,0
as expected #6431,neutral,1
link attached for reference #9349,neutral,1
see you tomorrow #1169,neutral,1
excellent quality #3220,positive,2
loving this so much #1904,positive,2
excellent quality #4209,positive,2
as expected #2283,neutral,1
will follow up later #5688,neutral,1
noted for the record #3859,neutral,1
so frustrated right now #848,negative,0
as expected #1307,neutral,1
as expected #1929,neutral,1
loving this so much #4267,positive,2
hate this update #1857,negative,0
fantastic support team #5677,positive,2
best day ever #5113,positive,2
see you tomorrow #8497,neutral,1
as expected #6972,neutral,1
loving this so much #2377,positive,2
worst experience ever #8803,negative,0
best day ever #737,positive,2
would not recommend #10,negative,0
will follow up later #4325,neutral,1
would not recommend #2366,negative,0
highly recommend #5072,positive,2
great experience #8216,positive,2
see you tomorrow #2968,neutral,1
excellent quality #7558,positive,2
great experience #6806,positive,2
this made my day #6852,positive,2
terrible quality #8511,negative,0
will follow up later #5748,neutral,1
so frustrated right now #5202,negative,0
totally disappointed with this #7348,negative,0
noted for the record #1754,neutral,1
excellent quality #8217,positive,2
great experience #6660,positive,2
terrible quality #1946,negative,0
link attached for reference #4627,neutral,1
loving this so much #9713,positive,2
would not recommend #8297,negative,0
fantastic support team #6025,positive,2
waste of time #489,negative,0
great experience #9023,positive,2
worst experience ever #9157,negative,0
totally disappointed with this #8089,negative,0
totally disappointed with this #3224,negative,0
would not recommend #9553,negative,0
so frustrated right now #3464,negative,0
standard procedure #9223,neutral,1
the meeting is at 3pm #807,neutral,1
fantastic support team #9788,positive,2
loving this so much #8158,positive,2
totally disappointed with this #8464,negative,0
worst experience ever #4727,negative,0
so happy with this #3386,positive,2
noted for the record #2244,neutral,1
see you tomorrow #2013,neutral,1
the meeting is at 3pm #9233,neutral,1
excellent quality #616,positive,2
noted for the record #2660,neutral,1
totally disappointed with this #2121,negative,0
standard procedure #3297,neutral,1
hate this update #8989,negative,0
this is awful #3162,negative,0
so happy with this #1615,positive,2
noted for the record #7605,neutral,1
waste of time #1997,negative,0
totally disappointed with this #6501,negative,0
the meeting is at 3pm #1979,neutral,1
noted for the record #158,neutral,1
would not recommend #1256,negative,0
worst experience ever #927,negative,0
the meeting is at 3pm #2885,neutral,1
this is awful #5687,negative,0
link attached for reference #6301,neutral,1
worst experience ever #950,negative,0
best day ever #5985,positive,2
best day ever #625,positive,2
excellent quality #2414,positive,2
worst experience ever #2832,negative,0
standard procedure #8420,neutral,1
so happy with this #4683,positive,2
see you tomorrow #4718,neutral,1
loving this so much #9879,positive,2
standard procedure #325,neutral,1
this made my day #2010,positive,2
worst experience ever #5614,negative,0
highly recommend #6474,positive,2
so frustrated right now #8013,negative,0
link attached for reference #7278,neutral,1
excellent quality #7424,positive,2
link attached for reference #8027,neutral,1
standard procedure #3335,neutral,1
so happy with this #4156,positive,2
best day ever #7257,positive,2
standard procedure #4940,neutral,1
terrible quality #2706,negative,0
so happy with this #5059,positive,2
as expected #6573,neutral,1
ok thanks #7248,neutral,1
see you tomorrow #7975,neutral,1
best day ever #1256,positive,2
ok thanks #1479,neutral,1
this is awful #211,negative,0
best day ever #8865,positive,2
this made my day #4390,positive,2
ok thanks #8244,neutral,1
highly recommend #9522,positive,2
worst experience ever #3330,negative,0
so frustrated right now #6481,negative,0
this is awful #7838,negative,0
so frustrated right now #6683,negative,0
this made my day #983,positive,2
this is awful #7838,negative,0
link attached for reference #7908,neutral,1
so happy with this #569,positive,2
noted for the record #995,neutral,1
standard procedure #4583,neutral,1
great experience #5597,positive,2
this is awful #8607,negative,0
ok thanks #4285,neutral,1
as expected #351,neutral,1
terrible quality #5072,negative,0
loving this so much #1014,positive,2
noted for the record #8752,neutral,1
as expected #5452,neutral,1
loving this so much #4953,positive,2
best day ever #3070,positive,2
totally disappointed with this #8390,negative,0
as expected #123,neutral,1
worst experience ever #2843,negative,0
highly recommend #795,positive,2
would not recommend #6747,negative,0
great experience #6519,positive,2
so frustrated right now #6395,negative,0
highly recommend #3538,positive,2
the meeting is at 3pm #1697,neutral,1
as expected #9662,neutral,1
this is awful #545,negative,0
hate this update #3424,negative,0
see you tomorrow #3791,neutral,1
this made my day #2776,positive,2
best day ever #5575,positive,2
fantastic support team #3799,positive,2
ok thanks #162,neutral,1
this is awful #7840,negative,0
loving this so much #1433,positive,2
will follow up later #5286,neutral,1
totally disappointed with this #9330,negative,0
terrible quality #4649,negative,0
this is awful #9160,negative,0
so happy with this #3176,positive,2
the meeting is at 3pm #2472,neutral,1
this made my day #5675,positive,2
this made my day #8115,positive,2
great experience #2780,positive,2
highly recommend #8019,positive,2
the meeting is at 3pm #4495,neutral,1
totally disappointed with this #8326,negative,0
will follow up later #7718,neutral,1
standard procedure #8117,neutral,1
excellent quality #2813,positive,2
fantastic support team #1339,positive,2
as expected #7088,neutral,1
see you tomorrow #8466,neutral,1
best day ever #1954,positive,2
so frustrated right now #1403,negative,0
terrible quality #3283,negative,0
link attached for reference #8929,neutral,1
worst experience ever #3019,negative,0
waste of time #2658,negative,0
fantastic support team #8216,positive,2
would not recommend #2542,negative,0
as expected #2793,neutral,1
as expected #237,neutral,1
great experience #3426,positive,2
totally disappointed with this #7296,negative,0
terrible quality #7746,negative,0
terrible quality #2187,negative,0
best day ever #7068,positive,2
this made my day #8727,positive,2
as expected #5638,neutral,1
worst experience ever #4806,negative,0
standard procedure #6261,neutral,1
waste of time #9405,negative,0
excellent quality #671,positive,2
will follow up later #1086,neutral,1
this is awful #4000,negative,0
ok thanks #2217,neutral,1
highly recommend #162,positive,2
the meeting is at 3pm #9410,neutral,1
this is awful #5308,negative,0
noted for the record #8442,neutral,1
link attached for reference #9192,neutral,1
ok thanks #9829,neutral,1
hate this update #146,negative,0
terrible quality #4345,negative,0
this is awful #5206,negative,0
this made my day #6534,positive,2
standard procedure #2235,neutral,1
totally disappointed with this #5007,negative,0
standard procedure #3321,neutral,1
best day ever #2192,positive,2
as expected #3737,neutral,1
highly recommend #3438,positive,2
great experience #9976,positive,2
totally disappointed with this #5346,negative,0
worst experience ever #54,negative,0
highly recommend #3146,positive,2
link attached for reference #740,neutral,1
excellent quality #522,positive,2
ok thanks #663,neutral,1
waste of time #5157,negative,0
great experience #8771,positive,2
standard procedure #9910,neutral,1
waste of time #2645,negative,0
fantastic support team #5347,positive,2
worst experience ever #1964,negative,0
standard procedure #533,neutral,1
fantastic support team #4806,positive,2
see you tomorrow #8748,neutral,1
ok thanks #5275,neutral,1
so frustrated right now #1605,negative,0
so happy with this #1273,positive,2
this made my day #9942,positive,2
worst experience ever #4650,negative,0
totally disappointed with this #4939,negative,0
see you tomorrow #552,neutral,1
will follow up later #9425,neutral,1
so happy with this #2015,positive,2
highly recommend #6880,positive,2
this is awful #1542,negative,0
hate this update #5237,negative,0
see you tomorrow #8027,neutral,1
would not recommend #4423,negative,0
the meeting is at 3pm #8341,neutral,1
this made my day #1730,positive,2
excellent quality #8828,positive,2
excellent quality #1393,positive,2
ok thanks #2551,neutral,1
great experience #3655,positive,2
ok thanks #3143,neutral,1
excellent quality #952,positive,2
excellent quality #5231,positive,2
so happy with this #6427,positive,2
fantastic support team #3643,positive,2
totally disappointed with this #6470,negative,0
great experience #9960,positive,2
totally disappointed with this #4192,negative,0
this made my day #9258,positive,2
best day ever #3442,positive,2
great experience #6981,positive,2
standard procedure #1866,neutral,1
best day ever #4954,positive,2
noted for the record #7471,neutral,1
standard procedure #1474,neutral,1
waste of time #4031,negative,0
will follow up later #977,neutral,1
fantastic support team #2200,positive,2
best day ever #8422,positive,2
ok thanks #2021,neutral,1
see you tomorrow #9329,neutral,1
worst experience ever #7936,negative,0
so happy with this #9190,positive,2
so frustrated right now #8970,negative,0
excellent quality #202,positive,2
fantastic support team #8521,positive,2
excellent quality #6952,positive,2
this is awful #7773,negative,0
great experience #7128,positive,2
loving this so much #6088,positive,2
terrible quality #5626,negative,0
as expected #6584,neutral,1
hate this update #7774,negative,0
this is awful #296,negative,0
best day ever #2464,positive,2
loving this so much #9278,positive,2
loving this so much #576,positive,2
highly recommend #5449,positive,2
totally disappointed with this #1753,negative,0
excellent quality #7822,positive,2
great experience #2995,positive,2
great experience #3317,positive,2
would not recommend #5160,negative,0
would not recommend #4687,negative,0
see you tomorrow #399,neutral,1
this made my day #1297,positive,2
hate this update #7447,negative,0
link attached for reference #120,neutral,1
fantastic support team #5905,positive,2
waste of time #8082,negative,0
standard procedure #2633,neutral,1
link attached for reference #1042,neutral,1
link attached for reference #1535,neutral,1
so happy with this #3112,positive,2
noted for the record #7510,neutral,1
link attached for reference #9216,neutral,1
this is awful #5809,negative,0
highly recommend #4835,positive,2
as expected #2138,neutral,1
as expected #5057,neutral,1
as expected #1308,neutral,1
the meeting is at 3pm #9876,neutral,1
worst experience ever #2068,negative,0
as expected #7952,neutral,1
will follow up later #9621,neutral,1
the meeting is at 3pm #2950,neutral,1
terrible quality #7115,negative,0
link attached for reference #5711,neutral,1
link attached for reference #8509,neutral,1
standard procedure #1194,neutral,1
see you tomorrow #4682,neutral,1
fantastic support team #3323,positive,2
will follow up later #1151,neutral,1
loving this so much #7705,positive,2
the meeting is at 3pm #4721,neutral,1
so frustrated right now #7311,negative,0
this made my day #9858,positive,2
see you tomorrow #1272,neutral,1
highly recommend #3902,positive,2
the meeting is at 3pm #1553,neutral,1
highly recommend #3927,positive,2
highly recommend #4511,positive,2
worst experience ever #3741,negative,0
ok thanks #7701,neutral,1
noted for the record #5748,neutral,1
totally disappointed with this #8377,negative,0
worst experience ever #7389,negative,0
this is awful #8973,negative,0
excellent quality #5118,positive,2
so frustrated right now #1003,negative,0
standard procedure #8178,neutral,1
link attached for reference #118,neutral,1
loving this so much #8690,positive,2
link attached for reference #9256,neutral,1
great experience #6200,positive,2
as expected #4776,neutral,1
worst experience ever #8347,negative,0
highly recommend #9542,positive,2
so frustrated right now #7847,negative,0
as expected #978,neutral,1
the meeting is at 3pm #2711,neutral,1
see you tomorrow #6415,neutral,1
so happy with this #7609,positive,2
highly recommend #3500,positive,2
standard procedure #3013,neutral,1
would not recommend #2835,negative,0
excellent quality #8833,positive,2
this made my day #940,positive,2
will follow up later #8836,neutral,1
would not recommend #9251,negative,0
hate this update #2385,negative,0
excellent quality #9443,positive,2
noted for the record #8599,neutral,1
great experience #4800,positive,2
ok thanks #3944,neutral,1
as expected #8850,neutral,1
would not recommend #2648,negative,0
worst experience ever #9766,negative,0
best day ever #2219,positive,2
best day ever #8828,positive,2
the meeting is at 3pm #1770,neutral,1
terrible quality #1705,negative,0
standard procedure #1011,neutral,1
highly recommend #711,positive,2
this made my day #4970,positive,2
noted for the record #2327,neutral,1
worst experience ever #1468,negative,0
see you tomorrow #2040,neutral,1
will follow up later #8625,neutral,1
best day ever #7957,positive,2
terrible quality #2018,negative,0
noted for the record #6143,neutral,1
this is awful #6479,negative,0
this made my day #1718,positive,2
so frustrated right now #8043,negative,0
excellent quality #8510,positive,2
so frustrated right now #2083,negative,0
this is awful #5846,negative,0
worst experience ever #3985,negative,0
standard procedure #7050,neutral,1
will follow up later #5539,neutral,1
link attached for reference #9448,neutral,1
highly recommend #9956,positive,2
great experience #8544,positive,2
link attached for reference #9039,neutral,1
ok thanks #473,neutral,1
would not recommend #5047,negative,0
so frustrated right now #8673,negative,0
as expected #1976,neutral,1
hate this update #5146,negative,0
hate this update #8728,negative,0
loving this so much #8215,positive,2
great experience #9187,positive,2
so frustrated right now #7611,negative,0
waste of time #3969,negative,0
link attached for reference #4683,neutral,1
worst experience ever #1346,negative,0
link attached for reference #4505,neutral,1
will follow up later #9531,neutral,1
so happy with this #9269,positive,2
waste of time #6684,negative,0
standard procedure #3951,neutral,1
fantastic support team #164,positive,2
excellent quality #8675,positive,2
so happy with this #6295,positive,2
the meeting is at 3pm #6645,neutral,1
hate this update #9238,negative,0
this is awful #1157,negative,0
terrible quality #5250,negative,0
see you tomorrow #6549,neutral,1
this made my day #4471,positive,2
loving this so much #2280,positive,2
hate this update #1379,negative,0
great experience #8018,positive,2
the meeting is at 3pm #3665,neutral,1
the meeting is at 3pm #3522,neutral,1
excellent quality #9538,positive,2
best day ever #7519,positive,2
will follow up later #5570,neutral,1
as expected #9679,neutral,1
best day ever #7404,positive,2
highly recommend #3455,positive,2
waste of time #1154,negative,0
this is awful #3709,negative,0
see you tomorrow #9173,neutral,1
so happy with this #5523,positive,2
loving this so much #5812,positive,2
link attached for reference #4100,neutral,1
highly recommend #1597,positive,2
noted for the record #7166,neutral,1
the meeting is at 3pm #7472,neutral,1
ok thanks #1951,neutral,1
so frustrated right now #4081,negative,0
highly recommend #5600,positive,2
as expected #8947,neutral,1
waste of time #4564,negative,0
ok thanks #3715,neutral,1
this is awful #3253,negative,0
noted for the record #459,neutral,1
so frustrated right now #7269,negative,0
hate this update #9588,negative,0
highly recommend #6409,positive,2
ok thanks #7922,neutral,1
best day ever #6478,positive,2
the meeting is at 3pm #3208,neutral,1
link attached for reference #6904,neutral,1
see you tomorrow #8880,neutral,1
totally disappointed with this #5570,negative,0
hate this update #7614,negative,0
hate this update #2409,negative,0
best day ever #6763,positive,2
see you tomorrow #6141,neutral,1
worst experience ever #5724,negative,0
highly recommend #7174,positive,2
so frustrated right now #9866,negative,0
will follow up later #2750,neutral,1
this made my day #1542,positive,2
see you tomorrow #4042,neutral,1
great experience #8900,positive,2
would not recommend #4895,negative,0
fantastic support team #805,positive,2
see you tomorrow #9850,neutral,1
hate this update #7686,negative,0
link attached for reference #2545,neutral,1
worst experience ever #9593,negative,0
great experience #2669,positive,2
highly recommend #3271,positive,2
ok thanks #9780,neutral,1
so happy with this #7993,positive,2
excellent quality #2506,positive,2
link attached for reference #7202,neutral,1
highly recommend #1134,positive,2
as expected #2496,neutral,1
highly recommend #3963,positive,2
highly recommend #5248,positive,2
so happy with this #1198,positive,2
see you tomorrow #4979,neutral,1
as expected #9395,neutral,1
loving this so much #8789,positive,2
ok thanks #4021,neutral,1
see you tomorrow #9970,neutral,1
terrible quality #5674,negative,0
waste of time #5365,negative,0
as expected #2739,neutral,1
hate this update #6804,negative,0
link attached for reference #1059,neutral,1
this is awful #4779,negative,0
highly recommend #449,positive,2
so frustrated right now #8956,negative,0
so frustrated right now #8602,negative,0
ok thanks #5935,neutral,1
waste of time #1438,negative,0
totally disappointed with this #3810,negative,0
this made my day #4392,positive,2
worst experience ever #8654,negative,0
worst experience ever #6689,negative,0
link attached for reference #5312,neutral,1
hate this update #7102,negative,0
waste of time #1627,negative,0
loving this so much #2440,positive,2
standard procedure #3397,neutral,1
so frustrated right now #3413,negative,0
this made my day #1841,positive,2
link attached for reference #4200,neutral,1
worst experience ever #3923,negative,0
so happy with this #2999,positive,2
as expected #904,neutral,1
terrible quality #2442,negative,0
standard procedure #2463,neutral,1
see you tomorrow #3918,neutral,1
hate this update #6408,negative,0
excellent quality #373,positive,2
excellent quality #9398,positive,2
best day ever #615,positive,2
best day ever #5461,positive,2
great experience #2448,positive,2
worst experience ever #720,negative,0
this made my day #3480,positive,2
standard procedure #2456,neutral,1
this made my day #763,positive,2
link attached for reference #8381,neutral,1
so frustrated right now #1269,negative,0
will follow up later #9890,neutral,1
hate this update #3171,negative,0
the meeting is at 3pm #8863,neutral,1
worst experience ever #6656,negative,0
highly recommend #5851,positive,2
see you tomorrow #1506,neutral,1
worst experience ever #3975,negative,0
this is awful #844,negative,0
this is awful #4379,negative,0
highly recommend #6845,positive,2
great experience #5526,positive,2
best day ever #4333,positive,2
see you tomorrow #9228,neutral,1
ok thanks #8463,neutral,1
link attached for reference #9318,neutral,1
link attached for reference #5333,neutral,1
this made my day #8600,positive,2
this is awful #6337,negative,0
the meeting is at 3pm #7237,neutral,1
see you tomorrow #1813,neutral,1
the meeting is at 3pm #4684,neutral,1
this is awful #655,negative,0
this made my day #5988,positive,2
as expected #9585,neutral,1
waste of time #248,negative,0
link attached for reference #7718,neutral,1
this is awful #6107,negative,0
excellent quality #7582,positive,2
hate this update #8212,negative,0
as expected #4622,neutral,1
ok thanks #7117,neutral,1
noted for the record #4462,neutral,1
this is awful #6534,negative,0
so frustrated right now #7783,negative,0
terrible quality #1171,negative,0
so happy with this #1096,positive,2
so happy with this #2573,positive,2
would not recommend #8605,negative,0
loving this so much #4745,positive,2
highly recommend #7423,positive,2
this made my day #1096,positive,2
so frustrated right now #1034,negative,0
worst experience ever #7649,negative,0
as expected #5978,neutral,1
so frustrated right now #603,negative,0
great experience #7729,positive,2
will follow up later #4144,neutral,1
see you tomorrow #3854,neutral,1
worst experience ever #7486,negative,0
loving this so much #2840,positive,2
link attached for reference #3827,neutral,1
this made my day #9640,positive,2
highly recommend #443,positive,2
best day ever #4448,positive,2
so happy with this #4955,positive,2
as expected #8866,neutral,1
noted for the record #8351,neutral,1
will follow up later #9595,neutral,1
the meeting is at 3pm #1981,neutral,1
so frustrated right now #9033,negative,0
loving this so much #2798,positive,2
so happy with this #9289,positive,2
worst experience ever #7944,negative,0
hate this update #3771,negative,0
waste of time #969,negative,0
so happy with this #1334,positive,2
as expected #3385,neutral,1
so frustrated right now #3464,negative,0
fantastic support team #2378,positive,2
highly recommend #7678,positive,2
the meeting is at 3pm #7467,neutral,1
excellent quality #1072,positive,2
this made my day #1431,positive,2
highly recommend #5246,positive,2
worst experience ever #8502,negative,0
so happy with this #2883,positive,2
the meeting is at 3pm #3390,neutral,1
great experience #336,positive,2
this is awful #434,negative,0
loving this so much #2867,positive,2
this made my day #2597,positive,2
fantastic support team #7957,positive,2
fantastic support team #3797,positive,2
so happy with this #1634,positive,2
as expected #8543,neutral,1
this made my day #2282,positive,2
so frustrated right now #2839,negative,0
loving this so much #9643,positive,2
this is awful #2603,negative,0
noted for the record #6904,neutral,1
fantastic support team #73,positive,2
noted for the record #9492,neutral,1
highly recommend #3223,positive,2
excellent quality #4965,positive,2
totally disappointed with this #8521,negative,0
would not recommend #7648,negative,0
great experience #2925,positive,2
would not recommend #8494,negative,0
the meeting is at 3pm #1309,neutral,1
loving this so much #8902,positive,2
fantastic support team #5207,positive,2
would not recommend #3679,negative,0
so happy with this #9481,positive,2
loving this so much #6081,positive,2
as expected #2159,neutral,1
as expected #503,neutral,1
totally disappointed with this #1951,negative,0
ok thanks #1697,neutral,1
so happy with this #8078,positive,2
as expected #4637,neutral,1
fantastic support team #2786,positive,2
so frustrated right now #998,negative,0
excellent quality #9119,positive,2
the meeting is at 3pm #9955,neutral,1
ok thanks #2703,neutral,1
the meeting is at 3pm #8487,neutral,1
ok thanks #4118,neutral,1
hate this update #665,negative,0
worst experience ever #4814,negative,0
this made my day #7204,positive,2
terrible quality #2176,negative,0
fantastic support team #9796,positive,2
the meeting is at 3pm #8456,neutral,1
so frustrated right now #3210,negative,0
great experience #3843,positive,2
best day ever #4667,positive,2
totally disappointed with this #6008,negative,0
noted for the record #5391,neutral,1
will follow up later #7183,neutral,1
waste of time #1451,negative,0
terrible quality #7346,negative,0
so frustrated right now #7394,negative,0
this is awful #6100,negative,0
link attached for reference #3239,neutral,1
link attached for reference #8505,neutral,1
waste of time #4461,negative,0
loving this so much #3458,positive,2
worst experience ever #1141,negative,0
loving this so much #6918,positive,2
worst experience ever #4684,negative,0
best day ever #9321,positive,2
standard procedure #4251,neutral,1
would not recommend #598,negative,0
the meeting is at 3pm #4728,neutral,1
as expected #3682,neutral,1
the meeting is at 3pm #2458,neutral,1
hate this update #7460,negative,0
so happy with this #4390,positive,2
totally disappointed with this #5907,negative,0
fantastic support team #49,positive,2
waste of time #5083,negative,0
will follow up later #4412,neutral,1
standard procedure #2533,neutral,1
would not recommend #7579,negative,0
would not recommend #6722,negative,0
link attached for reference #4236,neutral,1
highly recommend #2066,positive,2
ok thanks #9295,neutral,1
best day ever #2073,positive,2
worst experience ever #7739,negative,0
will follow up later #824,neutral,1
ok thanks #9385,neutral,1
hate this update #5883,negative,0
noted for the record #6102,neutral,1
this made my day #9736,positive,2
fantastic support team #2101,positive,2
will follow up later #9745,neutral,1
ok thanks #9261,neutral,1
would not recommend #9757,negative,0
loving this so much #7867,positive,2
worst experience ever #1238,negative,0
so happy with this #6403,positive,2
ok thanks #7648,neutral,1
see you tomorrow #4672,neutral,1
ok thanks #5738,neutral,1
great experience #3666,positive,2
best day ever #3049,positive,2
totally disappointed with this #6728,negative,0
so happy with this #8784,positive,2
great experience #7899,positive,2
as expected #6268,neutral,1
this is awful #385,negative,0
excellent quality #4308,positive,2
best day ever #4654,positive,2
excellent quality #1489,positive,2
so happy with this #6166,positive,2
ok thanks #8159,neutral,1
see you tomorrow #9133,neutral,1
noted for the record #5603,neutral,1
totally disappointed with this #1293,negative,0
hate this update #5420,negative,0
would not recommend #9124,negative,0
standard procedure #6918,neutral,1
would not recommend #1762,negative,0
excellent quality #1952,positive,2
see you tomorrow #940,neutral,1
loving this so much #6284,positive,2
standard procedure #2166,neutral,1
terrible quality #6031,negative,0
ok thanks #1158,neutral,1
hate this update #5810,negative,0
great experience #5890,positive,2
so frustrated right now #8745,negative,0
will follow up later #1833,neutral,1
great experience #8542,positive,2
loving this so much #9662,positive,2
great experience #2918,positive,2
will follow up later #244,neutral,1
hate this update #9248,negative,0
would not recommend #5063,negative,0
waste of time #8191,negative,0
excellent quality #8245,positive,2
as expected #4391,neutral,1
as expected #2218,neutral,1
best day ever #7374,positive,2
ok thanks #362,neutral,1
loving this so much #2573,positive,2
excellent quality #849,positive,2
as expected #7692,neutral,1
standard procedure #3576,neutral,1
the meeting is at 3pm #7828,neutral,1
standard procedure #2370,neutral,1
terrible quality #3533,negative,0
so happy with this #6268,positive,2
terrible quality #781,negative,0
hate this update #9597,negative,0
this made my day #6684,positive,2
loving this so much #6789,positive,2
loving this so much #7170,positive,2
totally disappointed with this #9218,negative,0
waste of time #3468,negative,0
so happy with this #5898,positive,2
would not recommend #7523,negative,0
standard procedure #3833,neutral,1
the meeting is at 3pm #3839,neutral,1
see you tomorrow #3208,neutral,1
ok thanks #1658,neutral,1
loving this so much #3123,positive,2
ok thanks #8264,neutral,1
hate this update #9275,negative,0
would not recommend #6616,negative,0
waste of time #1206,negative,0
waste of time #3258,negative,0
excellent quality #8198,positive,2
link attached for reference #6554,neutral,1
worst experience ever #3388,negative,0
as expected #5307,neutral,1
waste of time #8109,negative,0
best day ever #6201,positive,2
link attached for reference #1467,neutral,1
the meeting is at 3pm #3340,neutral,1
worst experience ever #7099,negative,0
best day ever #696,positive,2
waste of time #4607,negative,0
excellent quality #302,positive,2
the meeting is at 3pm #7668,neutral,1
see you tomorrow #1603,neutral,1
would not recommend #3183,negative,0
would not recommend #4667,negative,0
the meeting is at 3pm #4299,neutral,1
link attached for reference #3058,neutral,1
this made my day #3241,positive,2
would not recommend #7968,negative,0
this is awful #2860,negative,0
so frustrated right now #5260,negative,0
would not recommend #4184,negative,0
great experience #6479,positive,2
fantastic support team #387,positive,2
waste of time #5354,negative,0
noted for the record #5575,neutral,1
this made my day #1278,positive,2
fantastic support team #7553,positive,2
worst experience ever #8792,negative,0
terrible quality #9886,negative,0
this is awful #6716,negative,0
noted for the record #321,neutral,1
would not recommend #1575,negative,0
totally disappointed with this #516,negative,0
this is awful #6300,negative,0
worst experience ever #8231,negative,0
highly recommend #8887,positive,2
loving this so much #3927,positive,2
ok thanks #517,neutral,1
this made my day #1107,positive,2
best day ever #6961,positive,2
will follow up later #5913,neutral,1
best day ever #1094,positive,2
waste of time #6560,negative,0
as expected #7565,neutral,1
totally disappointed with this #9654,negative,0
this made my day #7615,positive,2
terrible quality #3039,negative,0
hate this update #6370,negative,0
the meeting is at 3pm #9866,neutral,1
ok thanks #3952,neutral,1
best day ever #6915,positive,2
see you tomorrow #1535,neutral,1
waste of time #2594,negative,0
highly recommend #9227,positive,2
will follow up later #2167,neutral,1
highly recommend #22,positive,2
totally disappointed with this #9303,negative,0
ok thanks #8182,neutral,1
as expected #7066,neutral,1
link attached for reference #7310,neutral,1
would not recommend #4825,negative,0
highly recommend #473,positive,2
so happy with this #9160,positive,2
highly recommend #124,positive,2
will follow up later #3786,neutral,1
highly recommend #1843,positive,2
the meeting is at 3pm #6897,neutral,1
noted for the record #1268,neutral,1
excellent quality #7311,positive,2
best day ever #4609,positive,2
link attached for reference #8924,neutral,1
terrible quality #9786,negative,0
worst experience ever #265,negative,0
so frustrated right now #2023,negative,0
will follow up later #2939,neutral,1
this is awful #232,negative,0
as expected #897,neutral,1
fantastic support team #6759,positive,2
this is awful #7829,negative,0
great experience #8099,positive,2
hate this update #5222,negative,0
ok thanks #8139,neutral,1
waste of time #2053,negative,0
great experience #7565,positive,2
best day ever #8468,positive,2
link attached for reference #6289,neutral,1
fantastic support team #5523,positive,2
standard procedure #9500,neutral,1
standard procedure #3532,neutral,1
ok thanks #5897,neutral,1
excellent quality #8624,positive,2
ok thanks #1763,neutral,1
great experience #6492,positive,2
highly recommend #3739,positive,2
as expected #8069,neutral,1
noted for the record #8819,neutral,1
hate this update #2345,negative,0
will follow up later #562,neutral,1
great experience #9965,positive,2
highly recommend #2781,positive,2
see you tomorrow #5678,neutral,1
will follow up later #7127,neutral,1
will follow up later #344,neutral,1
totally disappointed with this #9758,negative,0
so frustrated right now #8131,negative,0
this is awful #3663,negative,0
best day ever #7619,positive,2
fantastic support team #8281,positive,2
hate this update #7646,negative,0
highly recommend #7562,positive,2
excellent quality #6719,positive,2
hate this update #4118,negative,0
ok thanks #7477,neutral,1
this is awful #8373,negative,0
fantastic support team #4956,positive,2
will follow up later #3933,neutral,1
great experience #408,positive,2
this is awful #4434,negative,0
as expected #7294,neutral,1
link attached for reference #671,neutral,1
best day ever #8584,positive,2
terrible quality #8379,negative,0
totally disappointed with this #3915,negative,0
best day ever #9961,positive,2
terrible quality #7416,negative,0
best day ever #5303,positive,2
as expected #2479,neutral,1
noted for the record #4143,neutral,1
terrible quality #7625,negative,0
terrible quality #4013,negative,0
best day ever #5892,positive,2
standard procedure #7391,neutral,1
ok thanks #7540,neutral,1
this is awful #3017,negative,0
terrible quality #7553,negative,0
hate this update #360,negative,0
ok thanks #9486,neutral,1
highly recommend #5482,positive,2
so happy with this #5592,positive,2
see you tomorrow #7398,neutral,1
loving this so much #7930,positive,2
this made my day #430,positive,2
link attached for reference #9295,neutral,1
best day ever #1867,positive,2
as expected #5031,neutral,1
this made my day #473,positive,2
this made my day #6779,positive,2
noted for the record #5200,neutral,1
standard procedure #1544,neutral,1
as expected #9249,neutral,1
as expected #2387,neutral,1
loving this so much #1643,positive,2
the meeting is at 3pm #7647,neutral,1
totally disappointed with this #3147,negative,0
so frustrated right now #3914,negative,0
standard procedure #1751,neutral,1
great experience #7111,positive,2
so happy with this #304,positive,2
ok thanks #4644,neutral,1
this made my day #1543,positive,2
loving this so much #8536,positive,2
would not recommend #2282,negative,0
waste of time #4313,negative,0
loving this so much #1388,positive,2
loving this so much #6790,positive,2
waste of time #1814,negative,0
best day ever #9242,positive,2
noted for the record #6019,neutral,1
this made my day #7984,positive,2
this is awful #8267,negative,0
terrible quality #6599,negative,0
standard procedure #8125,neutral,1
would not recommend #8969,negative,0
standard procedure #3650,neutral,1
so happy with this #6633,positive,2
terrible quality #7980,negative,0
this is awful #402,negative,0
totally disappointed with this #1183,negative,0
loving this so much #793,positive,2
excellent quality #7830,positive,2
this is awful #1536,negative,0
standard procedure #2224,neutral,1
standard procedure #6392,neutral,1
great experience #8155,positive,2
this made my day #4230,positive,2
totally disappointed with this #4247,negative,0
the meeting is at 3pm #8426,neutral,1
best day ever #1699,positive,2
ok thanks #3076,neutral,1
best day ever #1650,positive,2
noted for the record #6429,neutral,1
ok thanks #1888,neutral,1
so frustrated right now #6227,negative,0
excellent quality #7099,positive,2
so happy with this #5107,positive,2
great experience #1866,positive,2
see you tomorrow #3488,neutral,1
so frustrated right now #4618,negative,0
will follow up later #1603,neutral,1
standard procedure #2325,neutral,1
great experience #2479,positive,2
so frustrated right now #8253,negative,0
highly recommend #588,positive,2
highly recommend #8750,positive,2
the meeting is at 3pm #3788,neutral,1
highly recommend #9496,positive,2
fantastic support team #5715,positive,2
ok thanks #2728,neutral,1
will follow up later #2263,neutral,1
ok thanks #2306,neutral,1
this made my day #608,positive,2
fantastic support team #1425,positive,2
this made my day #7235,positive,2
see you tomorrow #7829,neutral,1
standard procedure #2239,neutral,1
worst experience ever #4862,negative,0
ok thanks #5055,neutral,1
great experience #2881,positive,2
excellent quality #8982,positive,2
as expected #6507,neutral,1
loving this so much #4842,positive,2
this is awful #7686,negative,0
will follow up later #7517,neutral,1
noted for the record #1946,neutral,1
noted for the record #4103,neutral,1
worst experience ever #92,negative,0
ok thanks #2005,neutral,1
highly recommend #8496,positive,2
worst experience ever #9920,negative,0
see you tomorrow #5934,neutral,1
hate this update #1688,negative,0
loving this so much #2635,positive,2
waste of time #8227,negative,0
worst experience ever #3653,negative,0
waste of time #5640,negative,0
hate this update #2302,negative,0
loving this so much #7175,positive,2
hate this update #5699,negative,0
highly recommend #8,positive,2
terrible quality #6876,negative,0
excellent quality #2551,positive,2
this is awful #5408,negative,0
totally disappointed with this #4487,negative,0
fantastic support team #2216,positive,2
worst experience ever #509,negative,0
so frustrated right now #7514,negative,0
ok thanks #338,neutral,1
as expected #8366,neutral,1
standard procedure #1691,neutral,1
hate this update #4366,negative,0
loving this so much #3743,positive,2
waste of time #1493,negative,0
this is awful #4734,negative,0
link attached for reference #321,neutral,1
excellent quality #1930,positive,2
this is awful #7907,negative,0
standard procedure #5040,neutral,1
this made my day #7302,positive,2
will follow up later #9810,neutral,1
waste of time #1731,negative,0
fantastic support team #1535,positive,2
see you tomorrow #1985,neutral,1
link attached for reference #4567,neutral,1
hate this update #8460,negative,0
highly recommend #9515,positive,2
highly recommend #3049,positive,2
will follow up later #7987,neutral,1
would not recommend #1318,negative,0
excellent quality #194,positive,2
this is awful #8300,negative,0
noted for the record #8121,neutral,1
totally disappointed with this #2408,negative,0
as expected #3552,neutral,1
so frustrated right now #3845,negative,0
fantastic support team #7708,positive,2
loving this so much #9618,positive,2
would not recommend #9632,negative,0
as expected #7560,neutral,1
as expected #6513,neutral,1
noted for the record #4739,neutral,1
hate this update #46,negative,0
great experience #9355,positive,2
terrible quality #6060,negative,0
would not recommend #1612,negative,0
would not recommend #9935,negative,0
waste of time #9587,negative,0
see you tomorrow #3851,neutral,1
great experience #2178,positive,2
hate this update #3457,negative,0
noted for the record #802,neutral,1
great experience #3275,positive,2
would not recommend #2163,negative,0
so frustrated right now #1536,negative,0
so frustrated right now #6376,negative,0
loving this so much #8062,positive,2
fantastic support team #9918,positive,2
link attached for reference #1239,neutral,1
standard procedure #3692,neutral,1
highly recommend #6425,positive,2
this made my day #2031,positive,2
this made my day #6587,positive,2
as expected #7470,neutral,1
terrible quality #4079,negative,0
would not recommend #409,negative,0
would not recommend #3103,negative,0
see you tomorrow #7445,neutral,1
noted for the record #5052,neutral,1
best day ever #6122,positive,2
totally disappointed with this #9312,negative,0
loving this so much #6109,positive,2
link attached for reference #8272,neutral,1
worst experience ever #6498,negative,0
as expected #8629,neutral,1
hate this update #8534,negative,0
noted for the record #8981,neutral,1
this is awful #7013,negative,0
excellent quality #954,positive,2
would not recommend #5142,negative,0
so frustrated right now #8750,negative,0
would not recommend #8767,negative,0
link attached for reference #1272,neutral,1
totally disappointed with this #9460,negative,0
will follow up later #5189,neutral,1
as expected #4449,neutral,1
best day ever #141,positive,2
loving this so much #1574,positive,2
ok thanks #2894,neutral,1
so frustrated right now #9834,negative,0
see you tomorrow #5958,neutral,1
excellent quality #4670,positive,2
this made my day #7096,positive,2
noted for the record #8857,neutral,1
link attached for reference #3552,neutral,1
as expected #2852,neutral,1
so frustrated right now #3037,negative,0
waste of time #5423,negative,0
as expected #4409,neutral,1
fantastic support team #6047,positive,2
best day ever #9853,positive,2
link attached for reference #4956,neutral,1
great experience #7900,positive,2
this is awful #9500,negative,0
standard procedure #787,neutral,1
see you tomorrow #8835,neutral,1
so frustrated right now #5045,negative,0
this made my day #4752,positive,2
see you tomorrow #887,neutral,1
worst experience ever #5081,negative,0
link attached for reference #8373,neutral,1
excellent quality #7608,positive,2
link attached for reference #7580,neutral,1
hate this update #1052,negative,0
the meeting is at 3pm #3413,neutral,1
so frustrated right now #4320,negative,0
terrible quality #9691,negative,0
this made my day #5460,positive,2
excellent quality #2023,positive,2
waste of time #2350,negative,0
great experience #6277,positive,2
totally disappointed with this #514,negative,0
this is awful #7866,negative,0
best day ever #8817,positive,2
noted for the record #3287,neutral,1
loving this so much #5623,positive,2
great experience #6471,positive,2
will follow up later #9558,neutral,1
link attached for reference #9866,neutral,1
best day ever #3550,positive,2
loving this so much #7828,positive,2
worst experience ever #2024,negative,0
so frustrated right now #7737,negative,0
terrible quality #2286,negative,0
link attached for reference #1107,neutral,1
see you tomorrow #7052,neutral,1
waste of time #5857,negative,0
see you tomorrow #4329,neutral,1
great experience #7044,positive,2
totally disappointed with this #9168,negative,0
see you tomorrow #3846,neutral,1
the meeting is at 3pm #8281,neutral,1
great experience #5185,positive,2
so happy with this #829,positive,2
loving this so much #8846,positive,2
noted for the record #2251,neutral,1
ok thanks #218,neutral,1
terrible quality #8661,negative,0
as expected #5875,neutral,1
would not recommend #4755,negative,0
excellent quality #1819,positive,2
great experience #9189,positive,2
this made my day #6146,positive,2
this is awful #308,negative,0
will follow up later #2848,neutral,1
so frustrated right now #9818,negative,0
terrible quality #8533,negative,0
highly recommend #5550,positive,2
link attached for reference #9,neutral,1
will follow up later #2576,neutral,1
hate this update #7951,negative,0
so frustrated right now #2328,negative,0
noted for the record #4482,neutral,1
ok thanks #673,neutral,1
best day ever #4210,positive,2
great experience #8748,positive,2
worst experience ever #6780,negative,0
excellent quality #7452,positive,2
totally disappointed with this #6712,negative,0
so frustrated right now #8160,negative,0
worst experience ever #2748,negative,0
this made my day #2883,positive,2
so frustrated right now #8321,negative,0
noted for the record #5802,neutral,1
so happy with this #8783,positive,2
highly recommend #9612,positive,2
as expected #1549,neutral,1
ok thanks #8603,neutral,1
ok thanks #6643,neutral,1
so frustrated right now #3307,negative,0
link attached for reference #4134,neutral,1
see you tomorrow #9606,neutral,1
this is awful #9029,negative,0
fantastic support team #8068,positive,2
so frustrated right now #3419,negative,0
see you tomorrow #7792,neutral,1
this made my day #6489,positive,2
would not recommend #7385,negative,0
noted for the record #2987,neutral,1
the meeting is at 3pm #5719,neutral,1
waste of time #47,negative,0
noted for the record #6741,neutral,1
this made my day #6981,positive,2
worst experience ever #1227,negative,0
standard procedure #2953,neutral,1
so happy with this #1524,positive,2
would not recommend #5612,negative,0
ok thanks #5699,neutral,1
standard procedure #1400,neutral,1
waste of time #1280,negative,0
loving this so much #8502,positive,2
totally disappointed with this #5621,negative,0
excellent quality #283,positive,2
hate this update #7334,negative,0
noted for the record #6487,neutral,1
as expected #2043,neutral,1
see you tomorrow #320,neutral,1
ok thanks #6508,neutral,1
waste of time #4315,negative,0
this is awful #4585,negative,0
will follow up later #7650,neutral,1
would not recommend #4099,negative,0
so frustrated right now #2090,negative,0
ok thanks #9057,neutral,1
hate this update #9782,negative,0
would not recommend #5842,negative,0
totally disappointed with this #7580,negative,0
noted for the record #2618,neutral,1
so happy with this #4717,positive,2
this made my day #8372,positive,2
waste of time #7535,negative,0
ok thanks #951,neutral,1
so happy with this #2805,positive,2
worst experience ever #4337,negative,0
ok thanks #7560,neutral,1
noted for the record #111,neutral,1
the meeting is at 3pm #1265,neutral,1
fantastic support team #8518,positive,2
so happy with this #9618,positive,2
ok thanks #9866,neutral,1
the meeting is at 3pm #7808,neutral,1
highly recommend #4380,positive,2
standard procedure #5630,neutral,1
will follow up later #8218,neutral,1
so frustrated right now #7251,negative,0
the meeting is at 3pm #6741,neutral,1
best day ever #3566,positive,2
best day ever #915,positive,2
as expected #5071,neutral,1
best day ever #2685,positive,2
the meeting is at 3pm #5006,neutral,1
as expected #6312,neutral,1
fantastic support team #9922,positive,2
would not recommend #5176,negative,0
so frustrated right now #9821,negative,0
hate this update #2883,negative,0
standard procedure #8816,neutral,1
standard procedure #8693,neutral,1
would not recommend #3476,negative,0
this is awful #6947,negative,0
loving this so much #5433,positive,2
fantastic support team #2052,positive,2
so happy with this #4805,positive,2
waste of time #265,negative,0
highly recommend #7212,positive,2
hate this update #1106,negative,0
waste of time #3736,negative,0
noted for the record #4033,neutral,1
waste of time #8627,negative,0
great experience #3527,positive,2
link attached for reference #505,neutral,1
this is awful #5521,negative,0
so happy with this #7580,positive,2
terrible quality #8896,negative,0
link attached for reference #5122,neutral,1
totally disappointed with this #7030,negative,0
would not recommend #358,negative,0
will follow up later #2383,neutral,1
ok thanks #3767,neutral,1
would not recommend #7803,negative,0
best day ever #4869,positive,2
will follow up later #5057,neutral,1
best day ever #6593,positive,2
highly recommend #2994,positive,2
this is awful #8790,negative,0
standard procedure #9993,neutral,1
great experience #6986,positive,2
best day ever #3460,positive,2
this is awful #998,negative,0
as expected #2299,neutral,1
worst experience ever #9845,negative,0
standard procedure #5804,neutral,1
as expected #2089,neutral,1
terrible quality #8041,negative,0
highly recommend #8121,positive,2
standard procedure #4468,neutral,1
this made my day #1381,positive,2
see you tomorrow #1894,neutral,1
fantastic support team #2354,positive,2
ok thanks #6104,neutral,1
terrible quality #6177,negative,0
great experience #639,positive,2
excellent quality #4323,positive,2
as expected #2923,neutral,1
this is awful #9813,negative,0
best day ever #1187,positive,2
worst experience ever #1397,negative,0
hate this update #4741,negative,0
so frustrated right now #3393,negative,0
standard procedure #2094,neutral,1
fantastic support team #5219,positive,2
great experience #3121,positive,2
so happy with this #5418,positive,2
best day ever #9492,positive,2
great experience #644,positive,2
would not recommend #248,negative,0
terrible quality #1835,negative,0
great experience #4739,positive,2
best day ever #1900,positive,2
highly recommend #9512,positive,2
so happy with this #2742,positive,2
ok thanks #8119,neutral,1
link attached for reference #8230,neutral,1
fantastic support team #7270,positive,2
would not recommend #3224,negative,0
worst experience ever #9706,negative,0
as expected #448,neutral,1
would not recommend #5540,negative,0
so happy with this #2036,positive,2
see you tomorrow #5620,neutral,1
waste of time #4941,negative,0
worst experience ever #9400,negative,0
will follow up later #2446,neutral,1
totally disappointed with this #369,negative,0
loving this so much #1531,positive,2
this made my day #2576,positive,2
terrible quality #1999,negative,0
link attached for reference #6186,neutral,1
this is awful #4817,negative,0
ok thanks #7331,neutral,1
highly recommend #4725,positive,2
the meeting is at 3pm #2375,neutral,1
noted for the record #3460,neutral,1
ok thanks #4674,neutral,1
noted for the record #3709,neutral,1
this made my day #5003,positive,2
so happy with this #8409,positive,2
excellent quality #3133,positive,2
loving this so much #7278,positive,2
see you tomorrow #6266,neutral,1
noted for the record #8366,neutral,1
highly recommend #7809,positive,2
best day ever #5093,positive,2
loving this so much #6478,positive,2
loving this so much #7599,positive,2
terrible quality #5792,negative,0
so frustrated right now #4907,negative,0
this is awful #6745,negative,0
see you tomorrow #713,neutral,1
so happy with this #7950,positive,2
so happy with this #2706,positive,2
totally disappointed with this #572,negative,0
would not recommend #9808,negative,0
hate this update #3929,negative,0
would not recommend #2269,negative,0
loving this so much #4512,positive,2
terrible quality #7555,negative,0
loving this so much #5030,positive,2
as expected #5951,neutral,1
fantastic support team #5218,positive,2
ok thanks #5009,neutral,1
loving this so much #3951,positive,2
noted for the record #395,neutral,1
hate this update #6753,negative,0
the meeting is at 3pm #9301,neutral,1
will follow up later #5489,neutral,1
waste of time #1954,negative,0
totally disappointed with this #5901,negative,0
great experience #1433,positive,2
so frustrated right now #4646,negative,0
waste of time #4063,negative,0
standard procedure #1491,neutral,1
fantastic support team #9596,positive,2
totally disappointed with this #1106,negative,0
waste of time #9986,negative,0
fantastic support team #6518,positive,2
see you tomorrow #5881,neutral,1
the meeting is at 3pm #2152,neutral,1
ok thanks #7161,neutral,1
best day ever #5471,positive,2
fantastic support team #2499,positive,2
link attached for reference #8568,neutral,1
standard procedure #4185,neutral,1
will follow up later #8192,neutral,1
excellent quality #5899,positive,2
totally disappointed with this #400,negative,0
the meeting is at 3pm #449,neutral,1
excellent quality #1060,positive,2
ok thanks #4201,neutral,1
totally disappointed with this #3763,negative,0
would not recommend #7434,negative,0
will follow up later #5486,neutral,1
loving this so much #4300,positive,2
so happy with this #9166,positive,2
excellent quality #706,positive,2
hate this update #1703,negative,0
this is awful #473,negative,0
this made my day #2802,positive,2
best day ever #2550,positive,2
noted for the record #2680,neutral,1
will follow up later #9269,neutral,1
this made my day #7543,positive,2
ok thanks #3095,neutral,1
the meeting is at 3pm #7283,neutral,1
highly recommend #835,positive,2
excellent quality #4016,positive,2
great experience #2404,positive,2
terrible quality #9488,negative,0
so happy with this #7092,positive,2
see you tomorrow #6131,neutral,1
see you tomorrow #2195,neutral,1
will follow up later #5002,neutral,1
standard procedure #7653,neutral,1
highly recommend #1837,positive,2
see you tomorrow #137,neutral,1
fantastic support team #1723,positive,2
terrible quality #8539,negative,0
will follow up later #3163,neutral,1
highly recommend #9865,positive,2
this made my day #1923,positive,2
terrible quality #859,negative,0
ok thanks #7972,neutral,1
best day ever #199,positive,2
great experience #883,positive,2
the meeting is at 3pm #6813,neutral,1
worst experience ever #2339,negative,0
excellent quality #9439,positive,2
worst experience ever #239,negative,0
highly recommend #30,positive,2
ok thanks #1853,neutral,1
ok thanks #4482,neutral,1
highly recommend #6585,positive,2
hate this update #6342,negative,0
hate this update #525,negative,0
standard procedure #424,neutral,1
hate this update #7542,negative,0
worst experience ever #897,negative,0
see you tomorrow #5221,neutral,1
so happy with this #3205,positive,2
waste of time #6997,negative,0
totally disappointed with this #2882,negative,0
terrible quality #8165,negative,0
ok thanks #8682,neutral,1
link attached for reference #2645,neutral,1
would not recommend #1536,negative,0
the meeting is at 3pm #9437,neutral,1
the meeting is at 3pm #4388,neutral,1
would not recommend #7347,negative,0
fantastic support team #1052,positive,2
loving this so much #7350,positive,2
hate this update #9329,negative,0
waste of time #7051,negative,0
the meeting is at 3pm #8794,neutral,1
standard procedure #1430,neutral,1
excellent quality #9278,positive,2
as expected #1385,neutral,1
totally disappointed with this #8841,negative,0
this is awful #6347,negative,0
highly recommend #2257,positive,2
see you tomorrow #1186,neutral,1
see you tomorrow #158,neutral,1
this is awful #9584,negative,0
great experience #8323,positive,2
so happy with this #945,positive,2
noted for the record #9474,neutral,1
noted for the record #8005,neutral,1
great experience #2566,positive,2
best day ever #9011,positive,2
will follow up later #4259,neutral,1
so happy with this #4167,positive,2
standard procedure #6176,neutral,1
link attached for reference #4946,neutral,1
so frustrated right now #4040,negative,0
see you tomorrow #3306,neutral,1
as expected #5819,neutral,1
so frustrated right now #8565,negative,0
noted for the record #5327,neutral,1
great experience #1009,positive,2
would not recommend #1461,negative,0
this made my day #6888,positive,2
ok thanks #3453,neutral,1
highly recommend #9229,positive,2
ok thanks #8874,neutral,1
ok thanks #7814,neutral,1
as expected #2038,neutral,1
great experience #8361,positive,2
highly recommend #7953,positive,2
this made my day #6940,positive,2
highly recommend #3902,positive,2
link attached for reference #2720,neutral,1
excellent quality #573,positive,2
loving this so much #7569,positive,2
best day ever #4375,positive,2
ok thanks #310,neutral,1
link attached for reference #4452,neutral,1
so frustrated right now #9455,negative,0
ok thanks #3262,neutral,1
this is awful #4617,negative,0
link attached for reference #4123,neutral,1
hate this update #446,negative,0
this made my day #9282,positive,2
this is awful #4636,negative,0
standard procedure #5332,neutral,1
noted for the record #8122,neutral,1
would not recommend #7787,negative,0
would not recommend #7168,negative,0
standard procedure #7537,neutral,1
great experience #7235,positive,2
will follow up later #6013,neutral,1
as expected #1416,neutral,1
this made my day #1655,positive,2
link attached for reference #1628,neutral,1
as expected #967,neutral,1
best day ever #1696,positive,2
as expected #3940,neutral,1
standard procedure #3898,neutral,1
hate this update #9891,negative,0
totally disappointed with this #3015,negative,0
would not recommend #1018,negative,0
the meeting is at 3pm #7340,neutral,1
terrible quality #5314,negative,0
highly recommend #207,positive,2
will follow up later #5488,neutral,1
this is awful #449,negative,0
excellent quality #8178,positive,2
will follow up later #877,neutral,1
would not recommend #5338,negative,0
so happy with this #584,positive,2
link attached for reference #9319,neutral,1
noted for the record #6039,neutral,1
waste of time #4693,negative,0
fantastic support team #4982,positive,2
would not recommend #5993,negative,0
ok thanks #5550,neutral,1
best day ever #9754,positive,2
best day ever #3706,positive,2
this made my day #7535,positive,2
excellent quality #1085,positive,2
great experience #5087,positive,2
as expected #222,neutral,1
totally disappointed with this #1646,negative,0
noted for the record #6485,neutral,1
this is awful #5389,negative,0
hate this update #6942,negative,0
great experience #7783,positive,2
great experience #5740,positive,2
so frustrated right now #2963,negative,0
terrible quality #3341,negative,0
excellent quality #6493,positive,2
link attached for reference #7334,neutral,1
fantastic support team #1404,positive,2
standard procedure #8937,neutral,1
best day ever #5619,positive,2
will follow up later #4772,neutral,1
so frustrated right now #3545,negative,0
the meeting is at 3pm #9292,neutral,1
ok thanks #6063,neutral,1
standard procedure #2607,neutral,1
this is awful #5535,negative,0
ok thanks #2874,neutral,1
hate this update #8714,negative,0
standard procedure #781,neutral,1
great experience #6173,positive,2
link attached for reference #4772,neutral,1
waste of time #9126,negative,0
as expected #1974,neutral,1
this made my day #1525,positive,2
totally disappointed with this #2968,negative,0
as expected #1703,neutral,1
excellent quality #5468,positive,2
terrible quality #7193,negative,0
link attached for reference #5826,neutral,1
ok thanks #4410,neutral,1
noted for the record #1919,neutral,1
totally disappointed with this #2706,negative,0
so happy with this #9651,positive,2
ok thanks #5165,neutral,1
so happy with this #4792,positive,2
hate this update #4162,negative,0
fantastic support team #3553,positive,2
fantastic support team #3490,positive,2
worst experience ever #3727,negative,0
excellent quality #5758,positive,2
see you tomorrow #4473,neutral,1
terrible quality #2058,negative,0
totally disappointed with this #4310,negative,0
totally disappointed with this #7197,negative,0
as expected #6779,neutral,1
totally disappointed with this #2452,negative,0
link attached for reference #6440,neutral,1
as expected #1366,neutral,1
waste of time #7095,negative,0
totally disappointed with this #4885,negative,0
highly recommend #3920,positive,2
so happy with this #8668,positive,2
hate this update #2935,negative,0
worst experience ever #3204,negative,0
would not recommend #1680,negative,0
this made my day #8277,positive,2
this is awful #4589,negative,0
excellent quality #4870,positive,2
ok thanks #211,neutral,1
would not recommend #6390,negative,0
standard procedure #7676,neutral,1
totally disappointed with this #5528,negative,0
fantastic support team #1957,positive,2
would not recommend #9779,negative,0
worst experience ever #905,negative,0
totally disappointed with this #942,negative,0
this made my day #3809,positive,2
terrible quality #3179,negative,0
terrible quality #7080,negative,0
so frustrated right now #5226,negative,0
worst experience ever #2806,negative,0
so happy with this #7508,positive,2
so frustrated right now #6072,negative,0
standard procedure #811,neutral,1
the meeting is at 3pm #675,neutral,1
waste of time #2780,negative,0
link attached for reference #178,neutral,1
as expected #6935,neutral,1
highly recommend #67,positive,2
excellent quality #9510,positive,2
worst experience ever #8266,negative,0
ok thanks #5374,neutral,1
loving this so much #7769,positive,2
waste of time #5780,negative,0
as expected #5496,neutral,1
will follow up later #7257,neutral,1
this made my day #4549,positive,2
so happy with this #4792,positive,2
would not recommend #6316,negative,0
so happy with this #2953,positive,2
so frustrated right now #7936,negative,0
waste of time #2069,negative,0
this made my day #9192,positive,2
great experience #9151,positive,2
worst experience ever #7600,negative,0
so frustrated right now #3946,negative,0
best day ever #5555,positive,2
totally disappointed with this #8523,negative,0
best day ever #5910,positive,2
totally disappointed with this #6555,negative,0
best day ever #9693,positive,2
waste of time #5882,negative,0
noted for the record #2771,neutral,1
the meeting is at 3pm #8205,neutral,1
this made my day #8221,positive,2
so frustrated right now #6629,negative,0
terrible quality #4048,negative,0
see you tomorrow #1983,neutral,1
hate this update #8485,negative,0
terrible quality #8435,negative,0
highly recommend #7292,positive,2
highly recommend #730,positive,2
best day ever #6533,positive,2
terrible quality #1197,negative,0
highly recommend #7052,positive,2
best day ever #2444,positive,2
as expected #2634,neutral,1
worst experience ever #3767,negative,0
so frustrated right now #5952,negative,0
loving this so much #7149,positive,2
terrible quality #660,negative,0
totally disappointed with this #6594,negative,0
excellent quality #5440,positive,2
this is awful #8005,negative,0
standard procedure #8877,neutral,1
would not recommend #9358,negative,0
worst experience ever #5664,negative,0
excellent quality #3303,positive,2
hate this update #2890,negative,0
excellent quality #8281,positive,2
link attached for reference #6323,neutral,1
as expected #6967,neutral,1
great experience #5120,positive,2
ok thanks #2851,neutral,1
ok thanks #2219,neutral,1
noted for the record #8564,neutral,1
great experience #4029,positive,2
see you tomorrow #4148,neutral,1
hate this update #2367,negative,0
great experience #8038,positive,2
this is awful #7257,negative,0
this is awful #3744,negative,0
best day ever #3513,positive,2
best day ever #6620,positive,2
fantastic support team #2738,positive,2
the meeting is at 3pm #3246,neutral,1
the meeting is at 3pm #7766,neutral,1
totally disappointed with this #5643,negative,0
see you tomorrow #6889,neutral,1
excellent quality #2570,positive,2
terrible quality #9355,negative,0
see you tomorrow #5111,neutral,1
as expected #5293,neutral,1
loving this so much #350,positive,2
terrible quality #5669,negative,0
so frustrated right now #9025,negative,0
this is awful #6448,negative,0
worst experience ever #9239,negative,0
the meeting is at 3pm #1881,neutral,1
loving this so much #7657,positive,2
waste of time #3405,negative,0
terrible quality #1437,negative,0
the meeting is at 3pm #9699,neutral,1
ok thanks #3177,neutral,1
would not recommend #1784,negative,0
this made my day #4488,positive,2
best day ever #9425,positive,2
fantastic support team #8567,positive,2
will follow up later #5264,neutral,1
excellent quality #5568,positive,2
link attached for reference #613,neutral,1
hate this update #4166,negative,0
hate this update #8575,negative,0
would not recommend #4367,negative,0
see you tomorrow #6527,neutral,1
fantastic support team #2790,positive,2
excellent quality #4595,positive,2
see you tomorrow #2169,neutral,1
so frustrated right now #8655,negative,0
this is awful #9184,negative,0
highly recommend #8045,positive,2
link attached for reference #9988,neutral,1
waste of time #3215,negative,0
great experience #6196,positive,2
this is awful #3586,negative,0
see you tomorrow #6103,neutral,1
worst experience ever #2122,negative,0
see you tomorrow #5922,neutral,1
would not recommend #9433,negative,0
as expected #1281,neutral,1
will follow up later #6852,neutral,1
waste of time #3441,negative,0
standard procedure #1033,neutral,1
hate this update #1506,negative,0
so happy with this #8504,positive,2
the meeting is at 3pm #9580,neutral,1
best day ever #9203,positive,2
so frustrated right now #2551,negative,0
waste of time #2017,negative,0
totally disappointed with this #2493,negative,0
loving this so much #9441,positive,2
standard procedure #3695,neutral,1
standard procedure #8641,neutral,1
hate this update #2143,negative,0
worst experience ever #2460,negative,0
standard procedure #328,neutral,1
fantastic support team #474,positive,2
great experience #247,positive,2
the meeting is at 3pm #5876,neutral,1
would not recommend #6599,negative,0
fantastic support team #420,positive,2
ok thanks #5736,neutral,1
this is awful #9933,negative,0
link attached for reference #5942,neutral,1
would not recommend #800,negative,0
waste of time #5859,negative,0
so happy with this #4350,positive,2
ok thanks #2472,neutral,1
see you tomorrow #8267,neutral,1
noted for the record #691,neutral,1
totally disappointed with this #5554,negative,0
will follow up later #386,neutral,1
noted for the record #5025,neutral,1
fantastic support team #4278,positive,2
best day ever #7497,positive,2
as expected #6384,neutral,1
waste of time #2191,negative,0
great experience #1528,positive,2
so happy with this #5125,positive,2
so happy with this #8607,positive,2
so frustrated right now #4388,negative,0
link attached for reference #6201,neutral,1
excellent quality #5921,positive,2
noted for the record #2117,neutral,1
ok thanks #900,neutral,1
will follow up later #1057,neutral,1
totally disappointed with this #6857,negative,0
see you tomorrow #5681,neutral,1
so happy with this #4419,positive,2
waste of time #4079,negative,0
hate this update #4798,negative,0
fantastic support team #4140,positive,2
noted for the record #2853,neutral,1
see you tomorrow #3268,neutral,1
fantastic support team #4889,positive,2
link attached for reference #3397,neutral,1
waste of time #4823,negative,0
this is awful #1402,negative,0
totally disappointed with this #4969,negative,0
waste of time #2326,negative,0
this is awful #2864,negative,0
great experience #5307,positive,2
terrible quality #9903,negative,0
link attached for reference #701,neutral,1
terrible quality #1719,negative,0
so frustrated right now #2705,negative,0
as expected #1617,neutral,1
would not recommend #5871,negative,0
worst experience ever #7773,negative,0
highly recommend #903,positive,2
link attached for reference #1005,neutral,1
see you tomorrow #8291,neutral,1
fantastic support team #5566,positive,2
this is awful #9274,negative,0
excellent quality #122,positive,2
terrible quality #1311,negative,0
totally disappointed with this #5529,negative,0
totally disappointed with this #9187,negative,0
loving this so much #3720,positive,2
loving this so much #7117,positive,2
fantastic support team #5629,positive,2
this made my day #268,positive,2
loving this so much #5012,positive,2
see you tomorrow #8205,neutral,1
worst experience ever #1011,negative,0
worst experience ever #7721,negative,0
standard procedure #3448,neutral,1
highly recommend #3863,positive,2
this is awful #9488,negative,0
fantastic support team #1810,positive,2
best day ever #1144,positive,2
will follow up later #1686,neutral,1
as expected #6390,neutral,1
terrible quality #1386,negative,0
would not recommend #9708,negative,0
so frustrated right now #8009,negative,0
this made my day #8359,positive,2
so frustrated right now #4191,negative,0
the meeting is at 3pm #2597,neutral,1
fantastic support team #4041,positive,2
excellent quality #4123,positive,2
highly recommend #3281,positive,2
the meeting is at 3pm #8497,neutral,1
so frustrated right now #848,negative,0
this made my day #1829,positive,2
as expected #1492,neutral,1
standard procedure #4962,neutral,1
as expected #1859,neutral,1
highly recommend #873,positive,2
this is awful #1676,negative,0
see you tomorrow #1509,neutral,1
the meeting is at 3pm #5561,neutral,1
would not recommend #1092,negative,0
great experience #3223,positive,2
great experience #1887,positive,2
the meeting is at 3pm #6652,neutral,1
ok thanks #4139,neutral,1
fantastic support team #4580,positive,2
fantastic support team #2728,positive,2
would not recommend #4698,negative,0
highly recommend #5642,positive,2
will follow up later #7119,neutral,1
totally disappointed with this #5649,negative,0
great experience #2201,positive,2
totally disappointed with this #8246,negative,0
the meeting is at 3pm #7739,neutral,1
so frustrated right now #6424,negative,0
excellent quality #3247,positive,2
noted for the record #9697,neutral,1
noted for the record #2455,neutral,1
standard procedure #3519,neutral,1
fantastic support team #1174,positive,2
fantastic support team #5249,positive,2
the meeting is at 3pm #907,neutral,1
terrible quality #300,negative,0
excellent quality #8988,positive,2
ok thanks #4716,neutral,1
best day ever #9602,positive,2
excellent quality #6559,positive,2
hate this update #7423,negative,0
excellent quality #1750,positive,2
will follow up later #9134,neutral,1
so happy with this #5887,positive,2
standard procedure #9948,neutral,1
so frustrated right now #6201,negative,0
so happy with this #6733,positive,2
highly recommend #3017,positive,2
ok thanks #938,neutral,1
best day ever #5192,positive,2
this is awful #9275,negative,0
would not recommend #1576,negative,0
best day ever #3141,positive,2
would not recommend #2188,negative,0
noted for the record #2725,neutral,1
this made my day #2230,positive,2
great experience #3852,positive,2
standard procedure #6551,neutral,1
this made my day #8682,positive,2
waste of time #5911,negative,0
as expected #9723,neutral,1
so frustrated right now #3972,negative,0
hate this update #4258,negative,0
fantastic support team #1382,positive,2
waste of time #2953,negative,0
waste of time #3722,negative,0
noted for the record #7037,neutral,1
the meeting is at 3pm #2266,neutral,1
waste of time #5434,negative,0
hate this update #5789,negative,0
this is awful #2574,negative,0
best day ever #8779,positive,2
noted for the record #8194,neutral,1
highly recommend #2707,positive,2
best day ever #6382,positive,2
worst experience ever #9917,negative,0
so happy with this #3312,positive,2
totally disappointed with this #5876,negative,0
hate this update #9592,negative,0
best day ever #3238,positive,2
so frustrated right now #5929,negative,0
will follow up later #2384,neutral,1
standard procedure #6316,neutral,1
so happy with this #334,positive,2
standard procedure #7757,neutral,1
loving this so much #7569,positive,2
waste of time #9970,negative,0
loving this so much #6024,positive,2
waste of time #8527,negative,0
see you tomorrow #271,neutral,1
this is awful #4793,negative,0
link attached for reference #8358,neutral,1
the meeting is at 3pm #7240,neutral,1
hate this update #5679,negative,0
so happy with this #5336,positive,2
fantastic support team #5448,positive,2
terrible quality #3874,negative,0
fantastic support team #5955,positive,2
will follow up later #669,neutral,1
totally disappointed with this #7488,negative,0
standard procedure #4970,neutral,1
totally disappointed with this #8183,negative,0
so frustrated right now #7860,negative,0
ok thanks #699,neutral,1
totally disappointed with this #6531,negative,0
best day ever #2585,positive,2
totally disappointed with this #8581,negative,0
highly recommend #6480,positive,2
ok thanks #6065,neutral,1
best day ever #961,positive,2
highly recommend #3814,positive,2
link attached for reference #3717,neutral,1
best day ever #5534,positive,2
the meeting is at 3pm #4369,neutral,1
link attached for reference #8536,neutral,1
terrible quality #7223,negative,0
this is awful #1281,negative,0
the meeting is at 3pm #718,neutral,1
worst experience ever #5768,negative,0
standard procedure #9935,neutral,1
loving this so much #3289,positive,2
noted for the record #649,neutral,1
loving this so much #9593,positive,2
great experience #2346,positive,2
so happy with this #4507,positive,2
excellent quality #9191,positive,2
this made my day #2731,positive,2
standard procedure #5304,neutral,1
noted for the record #8595,neutral,1
standard procedure #6525,neutral,1
ok thanks #2109,neutral,1
noted for the record #5098,neutral,1
as expected #4748,neutral,1
standard procedure #2759,neutral,1
best day ever #718,positive,2
this made my day #3261,positive,2
would not recommend #4538,negative,0
terrible quality #3936,negative,0
totally disappointed with this #2920,negative,0
hate this update #1340,negative,0
loving this so much #1325,positive,2
great experience #1864,positive,2
see you tomorrow #1364,neutral,1
excellent quality #5195,positive,2
will follow up later #6124,neutral,1
link attached for reference #3122,neutral,1
the meeting is at 3pm #8478,neutral,1
highly recommend #203,positive,2
will follow up later #1350,neutral,1
great experience #7744,positive,2
will follow up later #8696,neutral,1
highly recommend #2678,positive,2
best day ever #3366,positive,2
so frustrated right now #3176,negative,0
noted for the record #999,neutral,1
best day ever #2342,positive,2
would not recommend #6845,negative,0
would not recommend #6795,negative,0
highly recommend #2650,positive,2
this is awful #1794,negative,0
waste of time #8566,negative,0
noted for the record #2413,neutral,1
hate this update #668,negative,0
waste of time #8008,negative,0
best day ever #1506,positive,2
best day ever #5977,positive,2
ok thanks #1954,neutral,1
great experience #8636,positive,2
excellent quality #7648,positive,2
great experience #8376,positive,2
would not recommend #2151,negative,0
link attached for reference #9519,neutral,1
the meeting is at 3pm #6918,neutral,1
great experience #5158,positive,2
worst experience ever #8198,negative,0
loving this so much #689,positive,2
this made my day #6151,positive,2
link attached for reference #6783,neutral,1
fantastic support team #9097,positive,2
link attached for reference #9908,neutral,1
the meeting is at 3pm #6189,neutral,1
the meeting is at 3pm #4797,neutral,1
great experience #1466,positive,2
best day ever #1139,positive,2
so happy with this #8267,positive,2
excellent quality #7565,positive,2
loving this so much #6904,positive,2
see you tomorrow #1562,neutral,1
fantastic support team #7341,positive,2
terrible quality #5811,negative,0
best day ever #5896,positive,2
waste of time #7826,negative,0
totally disappointed with this #8934,negative,0
excellent quality #3312,positive,2
would not recommend #9085,negative,0
totally disappointed with this #4314,negative,0
waste of time #9248,negative,0
excellent quality #3374,positive,2
so happy with this #6484,positive,2
see you tomorrow #5156,neutral,1
ok thanks #3368,neutral,1
the meeting is at 3pm #4528,neutral,1
terrible quality #5360,negative,0
hate this update #3807,negative,0
will follow up later #6668,neutral,1
great experience #3103,positive,2
as expected #7622,neutral,1
this is awful #6516,negative,0
as expected #7955,neutral,1
this is awful #7794,negative,0
this is awful #6628,negative,0
waste of time #594,negative,0
as expected #395,neutral,1
highly recommend #7461,positive,2
worst experience ever #9548,negative,0
highly recommend #2963,positive,2
this made my day #766,positive,2
excellent quality #1749,positive,2
great experience #9223,positive,2
totally disappointed with this #374,negative,0
excellent quality #4861,positive,2
noted for the record #691,neutral,1
this is awful #7231,negative,0
ok thanks #9871,neutral,1
so happy with this #3095,positive,2
highly recommend #8651,positive,2
great experience #6684,positive,2
fantastic support team #7510,positive,2
see you tomorrow #4172,neutral,1
see you tomorrow #2495,neutral,1
would not recommend #9918,negative,0
totally disappointed with this #8750,negative,0
as expected #1703,neutral,1
fantastic support team #1023,positive,2
loving this so much #4460,positive,2
as expected #1534,neutral,1
will follow up later #5631,neutral,1
best day ever #3342,positive,2
standard procedure #7847,neutral,1
see you tomorrow #8821,neutral,1
so frustrated right now #1995,negative,0
best day ever #1594,positive,2
link attached for reference #9296,neutral,1
fantastic support team #9846,positive,2
as expected #5230,neutral,1
so happy with this #6992,positive,2
ok thanks #8946,neutral,1
waste of time #5936,negative,0
excellent quality #6032,positive,2
standard procedure #5371,neutral,1
terrible quality #7367,negative,0
as expected #5841,neutral,1
excellent quality #5625,positive,2
see you tomorrow #5586,neutral,1
this is awful #2325,negative,0
standard procedure #6423,neutral,1
worst experience ever #2707,negative,0
noted for the record #4815,neutral,1
totally disappointed with this #8391,negative,0
best day ever #8670,positive,2
would not recommend #7707,negative,0
the meeting is at 3pm #8605,neutral,1
will follow up later #9061,neutral,1
standard procedure #3343,neutral,1
will follow up later #1748,neutral,1
loving this so much #36,positive,2
standard procedure #4750,neutral,1
the meeting is at 3pm #7365,neutral,1
noted for the record #3054,neutral,1
worst experience ever #671,negative,0
totally disappointed with this #6525,negative,0
highly recommend #6306,positive,2
link attached for reference #6392,neutral,1
terrible quality #1116,negative,0
noted for the record #579,neutral,1
excellent quality #5237,positive,2
as expected #3147,neutral,1
so happy with this #4185,positive,2
link attached for reference #3350,neutral,1
so happy with this #3201,positive,2
worst experience ever #827,negative,0
worst experience ever #1930,negative,0
this made my day #6043,positive,2
best day ever #429,positive,2
see you tomorrow #315,neutral,1
waste of time #1269,negative,0
see you tomorrow #3482,neutral,1
will follow up later #1673,neutral,1
hate this update #8606,negative,0
link attached for reference #6034,neutral,1
standard procedure #9719,neutral,1
see you tomorrow #2573,neutral,1
see you tomorrow #4597,neutral,1
great experience #7247,positive,2
totally disappointed with this #4166,negative,0
worst experience ever #9296,negative,0
hate this update #1175,negative,0
noted for the record #6791,neutral,1
ok thanks #8148,neutral,1
the meeting is at 3pm #7218,neutral,1
standard procedure #2508,neutral,1
standard procedure #5178,neutral,1
ok thanks #488,neutral,1
the meeting is at 3pm #6537,neutral,1
excellent quality #2427,positive,2
terrible quality #289,negative,0
excellent quality #6243,positive,2
ok thanks #6021,neutral,1
best day ever #3893,positive,2
great experience #6999,positive,2
terrible quality #9039,negative,0
waste of time #6529,negative,0
terrible quality #7008,negative,0
best day ever #8059,positive,2
worst experience ever #5957,negative,0
as expected #7497,neutral,1
this made my day #8831,positive,2
hate this update #4775,negative,0
waste of time #7827,negative,0
link attached for reference #3783,neutral,1
this is awful #4140,negative,0
terrible quality #7337,negative,0
great experience #5651,positive,2
link attached for reference #6748,neutral,1
this is awful #7377,negative,0
would not recommend #9618,negative,0
standard procedure #5318,neutral,1
waste of time #8363,negative,0
standard procedure #3680,neutral,1
totally disappointed with this #2312,negative,0
fantastic support team #2797,positive,2
waste of time #6195,negative,0
terrible quality #2145,negative,0
worst experience ever #1967,negative,0
loving this so much #7991,positive,2
best day ever #5183,positive,2
great experience #2552,positive,2
would not recommend #6562,negative,0
great experience #814,positive,2
terrible quality #73,negative,0
worst experience ever #7177,negative,0
loving this so much #9591,positive,2
great experience #4485,positive,2
as expected #1745,neutral,1
best day ever #9758,positive,2
worst experience ever #4543,negative,0
the meeting is at 3pm #5875,neutral,1
waste of time #8074,negative,0
noted for the record #7397,neutral,1
hate this update #8554,negative,0
link attached for reference #2741,neutral,1
highly recommend #1570,positive,2
link attached for reference #7363,neutral,1
would not recommend #6273,negative,0
this made my day #7180,positive,2
hate this update #7992,negative,0
hate this update #9103,negative,0
excellent quality #9397,positive,2
this made my day #5039,positive,2
waste of time #5170,negative,0
terrible quality #8902,negative,0
standard procedure #6062,neutral,1
would not recommend #4193,negative,0
ok thanks #9841,neutral,1
this is awful #1761,negative,0
best day ever #1907,positive,2
standard procedure #7630,neutral,1
ok thanks #4016,neutral,1
fantastic support team #953,positive,2
this made my day #6100,positive,2
totally disappointed with this #1746,negative,0
as expected #6558,neutral,1
waste of time #7975,negative,0
so frustrated right now #5395,negative,0
noted for the record #389,neutral,1
this made my day #3870,positive,2
so frustrated right now #4086,negative,0
will follow up later #4398,neutral,1
this made my day #9317,positive,2
so frustrated right now #5712,negative,0
see you tomorrow #4112,neutral,1
so frustrated right now #9070,negative,0
this made my day #543,positive,2
the meeting is at 3pm #5191,neutral,1
terrible quality #8419,negative,0
link attached for reference #431,neutral,1
noted for the record #4182,neutral,1
loving this so much #4699,positive,2
worst experience ever #5692,negative,0
standard procedure #606,neutral,1
waste of time #5362,negative,0
will follow up later #7375,neutral,1
this made my day #9845,positive,2
the meeting is at 3pm #8157,neutral,1
noted for the record #7515,neutral,1
will follow up later #9488,neutral,1
hate this update #1321,negative,0
so happy with this #5112,positive,2
highly recommend #8607,positive,2
worst experience ever #1249,negative,0
loving this so much #942,positive,2
as expected #7439,neutral,1
waste of time #5945,negative,0
see you tomorrow #1501,neutral,1
this is awful #1884,negative,0
see you tomorrow #867,neutral,1
worst experience ever #4228,negative,0
fantastic support team #6094,positive,2
excellent quality #2802,positive,2
this is awful #2424,negative,0
standard procedure #2467,neutral,1
totally disappointed with this #4049,negative,0
this is awful #718,negative,0
the meeting is at 3pm #5267,neutral,1
loving this so much #5758,positive,2
as expected #7902,neutral,1
highly recommend #7138,positive,2
so happy with this #8763,positive,2
terrible quality #917,negative,0
great experience #8000,positive,2
best day ever #749,positive,2
totally disappointed with this #7625,negative,0
this made my day #3138,positive,2
hate this update #3704,negative,0
will follow up later #9590,neutral,1
this is awful #123,negative,0
link attached for reference #4250,neutral,1
fantastic support team #8007,positive,2
noted for the record #3215,neutral,1
the meeting is at 3pm #6197,neutral,1
terrible quality #2466,negative,0
excellent quality #2050,positive,2
link attached for reference #4991,neutral,1
waste of time #3929,negative,0
highly recommend #9534,positive,2
loving this so much #9377,positive,2
the meeting is at 3pm #8411,neutral,1
terrible quality #5127,negative,0
excellent quality #8286,positive,2
as expected #9645,neutral,1
hate this update #9361,negative,0
hate this update #1557,negative,0
hate this update #6345,negative,0
loving this so much #9904,positive,2
link attached for reference #8690,neutral,1
excellent quality #7920,positive,2
this is awful #9802,negative,0
link attached for reference #1337,neutral,1
great experience #2362,positive,2
fantastic support team #6771,positive,2
will follow up later #931,neutral,1
best day ever #9712,positive,2
see you tomorrow #8195,neutral,1
hate this update #1438,negative,0
best day ever #8519,positive,2
see you tomorrow #2734,neutral,1
hate this update #9277,negative,0
great experience #2950,positive,2
terrible quality #1058,negative,0
loving this so much #2073,positive,2
would not recommend #8743,negative,0
will follow up later #6983,neutral,1
best day ever #3552,positive,2
see you tomorrow #6135,neutral,1
highly recommend #2924,positive,2
loving this so much #404,positive,2
terrible quality #6648,negative,0
best day ever #9469,positive,2
excellent quality #8284,positive,2
hate this update #991,negative,0
waste of time #2624,negative,0
this is awful #7805,negative,0
standard procedure #5521,neutral,1
noted for the record #8063,neutral,1
this is awful #6698,negative,0
hate this update #1539,negative,0
great experience #3269,positive,2
this is awful #3707,negative,0
noted for the record #9388,neutral,1
highly recommend #3548,positive,2
link attached for reference #4965,neutral,1
see you tomorrow #4943,neutral,1
standard procedure #1885,neutral,1
great experience #4753,positive,2
as expected #141,neutral,1
noted for the record #3764,neutral,1
waste of time #438,negative,0
excellent quality #6646,positive,2
would not recommend #3772,negative,0
excellent quality #6553,positive,2
would not recommend #9948,negative,0
waste of time #6963,negative,0
hate this update #9923,negative,0
will follow up later #8595,neutral,1
this is awful #8020,negative,0
will follow up later #3683,neutral,1
highly recommend #2929,positive,2
great experience #5739,positive,2
will follow up later #6147,neutral,1
see you tomorrow #717,neutral,1
will follow up later #2567,neutral,1
worst experience ever #9635,negative,0
noted for the record #2530,neutral,1
totally disappointed with this #8961,negative,0
would not recommend #7105,negative,0
would not recommend #216,negative,0
will follow up later #2359,neutral,1
so happy with this #4137,positive,2
so happy with this #1240,positive,2
best day ever #3232,positive,2
great experience #8924,positive,2
the meeting is at 3pm #927,neutral,1
worst experience ever #1153,negative,0
best day ever #5103,positive,2
terrible quality #3924,negative,0
hate this update #1032,negative,0
noted for the record #5252,neutral,1
highly recommend #2486,positive,2
link attached for reference #2154,neutral,1
would not recommend #3106,negative,0
waste of time #9095,negative,0
ok thanks #4942,neutral,1
highly recommend #6825,positive,2
the meeting is at 3pm #7593,neutral,1
highly recommend #2742,positive,2
so frustrated right now #5531,negative,0
waste of time #8285,negative,0
loving this so much #9099,positive,2
best day ever #1803,positive,2
link attached for reference #6366,neutral,1
worst experience ever #7417,negative,0
standard procedure #8027,neutral,1
worst experience ever #519,negative,0
this made my day #9591,positive,2
see you tomorrow #5285,neutral,1
this made my day #8430,positive,2
hate this update #3432,negative,0
ok thanks #7869,neutral,1
the meeting is at 3pm #4525,neutral,1
this is awful #8865,negative,0
this made my day #3959,positive,2
link attached for reference #576,neutral,1
waste of time #1430,negative,0
will follow up later #2151,neutral,1
this made my day #7930,positive,2
loving this so much #4770,positive,2
the meeting is at 3pm #5752,neutral,1
waste of time #485,negative,0
totally disappointed with this #6634,negative,0
noted for the record #1500,neutral,1
link attached for reference #7479,neutral,1
hate this update #6143,negative,0
standard procedure #1779,neutral,1
so frustrated right now #774,negative,0
the meeting is at 3pm #9000,neutral,1
the meeting is at 3pm #4761,neutral,1
see you tomorrow #5633,neutral,1
great experience #8591,positive,2
loving this so much #6274,positive,2
excellent quality #806,positive,2
best day ever #8013,positive,2
noted for the record #3029,neutral,1
as expected #1311,neutral,1
noted for the record #9702,neutral,1
would not recommend #1669,negative,0
noted for the record #8930,neutral,1
standard procedure #8674,neutral,1
great experience #6209,positive,2
this made my day #5149,positive,2
worst experience ever #4227,negative,0
the meeting is at 3pm #6929,neutral,1
will follow up later #3390,neutral,1
noted for the record #43,neutral,1
see you tomorrow #4073,neutral,1
link attached for reference #4020,neutral,1
as expected #3279,neutral,1
ok thanks #5274,neutral,1
link attached for reference #456,neutral,1
ok thanks #6235,neutral,1
great experience #6604,positive,2
fantastic support team #4969,positive,2
worst experience ever #6973,negative,0
this made my day #922,positive,2
this is awful #4976,negative,0
great experience #487,positive,2
would not recommend #1925,negative,0
so happy with this #4915,positive,2
worst experience ever #3394,negative,0
highly recommend #9744,positive,2
excellent quality #1101,positive,2
standard procedure #7365,neutral,1
so happy with this #6387,positive,2
link attached for reference #9425,neutral,1
so frustrated right now #950,negative,0
the meeting is at 3pm #8880,neutral,1
noted for the record #884,neutral,1
excellent quality #4934,positive,2
best day ever #6700,positive,2
waste of time #6901,negative,0
would not recommend #4532,negative,0
this is awful #3144,negative,0
would not recommend #5491,negative,0
noted for the record #3014,neutral,1
standard procedure #2257,neutral,1
this is awful #3996,negative,0
see you tomorrow #9675,neutral,1
terrible quality #4450,negative,0
so happy with this #9346,positive,2
this is awful #1633,negative,0
best day ever #3146,positive,2
fantastic support team #24,positive,2
hate this update #4281,negative,0
this is awful #4921,negative,0
highly recommend #6491,positive,2
would not recommend #4986,negative,0
so frustrated right now #3138,negative,0
hate this update #6541,negative,0
as expected #3232,neutral,1
would not recommend #7874,negative,0
excellent quality #6629,positive,2
ok thanks #4446,neutral,1
great experience #9645,positive,2
waste of time #2020,negative,0
will follow up later #5429,neutral,1
totally disappointed with this #9071,negative,0
hate this update #165,negative,0
hate this update #9855,negative,0
highly recommend #618,positive,2
great experience #3012,positive,2
would not recommend #917,negative,0
excellent quality #2765,positive,2
will follow up later #7485,neutral,1
as expected #2447,neutral,1
excellent quality #1764,positive,2
this is awful #5150,negative,0
noted for the record #9928,neutral,1
link attached for reference #7599,neutral,1
noted for the record #4197,neutral,1
so happy with this #7904,positive,2
terrible quality #8907,negative,0
great experience #4976,positive,2
noted for the record #8931,neutral,1
worst experience ever #5081,negative,0
would not recommend #6861,negative,0
the meeting is at 3pm #6629,neutral,1
the meeting is at 3pm #6138,neutral,1
this made my day #4983,positive,2
this is awful #6807,negative,0
waste of time #1219,negative,0
worst experience ever #5592,negative,0
hate this update #9360,negative,0
would not recommend #9247,negative,0
highly recommend #4843,positive,2
noted for the record #5151,neutral,1
as expected #8427,neutral,1
noted for the record #3302,neutral,1
so frustrated right now #8231,negative,0
will follow up later #4918,neutral,1
worst experience ever #7449,negative,0
as expected #8267,neutral,1
great experience #4893,positive,2
would not recommend #7998,negative,0
would not recommend #5657,negative,0
link attached for reference #8820,neutral,1
noted for the record #2836,neutral,1
ok thanks #7081,neutral,1
best day ever #1035,positive,2
hate this update #9947,negative,0
loving this so much #6530,positive,2
so frustrated right now #3191,negative,0
terrible quality #9511,negative,0
see you tomorrow #5564,neutral,1
standard procedure #5715,neutral,1
highly recommend #8893,positive,2
fantastic support team #7738,positive,2
as expected #4346,neutral,1
this made my day #782,positive,2
totally disappointed with this #1712,negative,0
this made my day #1424,positive,2
this made my day #8118,positive,2
so frustrated right now #6830,negative,0
worst experience ever #3215,negative,0
as expected #7480,neutral,1
great experience #8812,positive,2
as expected #3881,neutral,1
so happy with this #8197,positive,2
fantastic support team #5902,positive,2
link attached for reference #4548,neutral,1
totally disappointed with this #5535,negative,0
link attached for reference #387,neutral,1
loving this so much #5187,positive,2
terrible quality #8374,negative,0
totally disappointed with this #5364,negative,0
will follow up later #2691,neutral,1
hate this update #5010,negative,0
excellent quality #7062,positive,2
worst experience ever #3047,negative,0
this is awful #5909,negative,0
ok thanks #3083,neutral,1
so happy with this #40,positive,2
noted for the record #6800,neutral,1
ok thanks #3363,neutral,1
this made my day #4651,positive,2
would not recommend #3103,negative,0
so happy with this #7955,positive,2
standard procedure #5273,neutral,1
loving this so much #1656,positive,2
ok thanks #1421,neutral,1
totally disappointed with this #4657,negative,0
so happy with this #9369,positive,2
waste of time #6702,negative,0
loving this so much #9045,positive,2
as expected #6382,neutral,1
highly recommend #9642,positive,2
excellent quality #3813,positive,2
standard procedure #3964,neutral,1
excellent quality #5840,positive,2
would not recommend #4866,negative,0
see you tomorrow #8608,neutral,1
ok thanks #2199,neutral,1
this made my day #1160,positive,2
standard procedure #8721,neutral,1
this is awful #3427,negative,0
great experience #4473,positive,2
standard procedure #1815,neutral,1
link attached for reference #6790,neutral,1
this is awful #7351,negative,0
as expected #587,neutral,1
excellent quality #7513,positive,2
fantastic support team #328,positive,2
hate this update #4896,negative,0
so happy with this #848,positive,2
this is awful #3618,negative,0
so frustrated right now #2960,negative,0
the meeting is at 3pm #9024,neutral,1
fantastic support team #618,positive,2
will follow up later #7294,neutral,1
will follow up later #2658,neutral,1
fantastic support team #5562,positive,2
excellent quality #429,positive,2
ok thanks #1201,neutral,1
will follow up later #7447,neutral,1
loving this so much #4734,positive,2
this made my day #7982,positive,2
fantastic support team #1764,positive,2
excellent quality #9246,positive,2
will follow up later #2647,neutral,1
as expected #7167,neutral,1
this is awful #5551,negative,0
this is awful #6491,negative,0
highly recommend #5947,positive,2
highly recommend #2517,positive,2
totally disappointed with this #5960,negative,0
totally disappointed with this #2664,negative,0
as expected #3290,neutral,1
this is awful #8864,negative,0
worst experience ever #2881,negative,0
terrible quality #5652,negative,0
terrible quality #6462,negative,0
waste of time #2259,negative,0
this made my day #8870,positive,2
will follow up later #5856,neutral,1
so happy with this #8757,positive,2
hate this update #2145,negative,0
great experience #9076,positive,2
terrible quality #8556,negative,0
link attached for reference #5122,neutral,1
best day ever #3035,positive,2
terrible quality #6187,negative,0
so frustrated right now #1374,negative,0
will follow up later #7936,neutral,1
waste of time #8271,negative,0
excellent quality #1803,positive,2
waste of time #9800,negative,0
hate this update #6104,negative,0
fantastic support team #5489,positive,2
totally disappointed with this #9795,negative,0
great experience #4536,positive,2
will follow up later #6498,neutral,1
as expected #1900,neutral,1
waste of time #7194,negative,0
waste of time #4778,negative,0
great experience #6718,positive,2
highly recommend #2538,positive,2
this made my day #4915,positive,2
so frustrated right now #1415,negative,0
highly recommend #5653,positive,2
best day ever #3694,positive,2
standard procedure #8651,neutral,1
as expected #3960,neutral,1
would not recommend #8505,negative,0
loving this so much #8461,positive,2
link attached for reference #6176,neutral,1
so frustrated right now #3059,negative,0
would not recommend #9718,negative,0
see you tomorrow #884,neutral,1
so frustrated right now #3950,negative,0
standard procedure #6247,neutral,1
standard procedure #6214,neutral,1
noted for the record #7530,neutral,1
highly recommend #9733,positive,2
as expected #5026,neutral,1
so happy with this #1908,positive,2
ok thanks #3514,neutral,1
noted for the record #5024,neutral,1
totally disappointed with this #4965,negative,0
so frustrated right now #1345,negative,0
as expected #2585,neutral,1
the meeting is at 3pm #5042,neutral,1
will follow up later #8707,neutral,1
great experience #2547,positive,2
ok thanks #9569,neutral,1
excellent quality #911,positive,2
so happy with this #7653,positive,2
will follow up later #9765,neutral,1
this is awful #9823,negative,0
the meeting is at 3pm #202,neutral,1
loving this so much #232,positive,2
the meeting is at 3pm #9930,neutral,1
see you tomorrow #8925,neutral,1
best day ever #1516,positive,2
waste of time #1118,negative,0
best day ever #6155,positive,2
see you tomorrow #7700,neutral,1
see you tomorrow #9266,neutral,1
excellent quality #5685,positive,2
highly recommend #1300,positive,2
would not recommend #5544,negative,0
the meeting is at 3pm #1766,neutral,1
see you tomorrow #3813,neutral,1
link attached for reference #1108,neutral,1
terrible quality #7869,negative,0
link attached for reference #599,neutral,1
best day ever #2848,positive,2
this made my day #7224,positive,2
highly recommend #140,positive,2
hate this update #9755,negative,0
link attached for reference #1505,neutral,1
fantastic support team #533,positive,2
this made my day #1642,positive,2
worst experience ever #6776,negative,0
would not recommend #1916,negative,0
excellent quality #9186,positive,2
hate this update #2559,negative,0
fantastic support team #7660,positive,2
so happy with this #9100,positive,2
link attached for reference #6065,neutral,1
so happy with this #4412,positive,2
link attached for reference #5558,neutral,1
will follow up later #9131,neutral,1
terrible quality #7629,negative,0
terrible quality #416,negative,0
great experience #7302,positive,2
see you tomorrow #3651,neutral,1
terrible quality #3863,negative,0
worst experience ever #348,negative,0
see you tomorrow #7135,neutral,1
worst experience ever #8608,negative,0
the meeting is at 3pm #1997,neutral,1
terrible quality #312,negative,0
hate this update #3890,negative,0
fantastic support team #4932,positive,2
ok thanks #2623,neutral,1
this made my day #5208,positive,2
fantastic support team #5330,positive,2
see you tomorrow #4371,neutral,1
would not recommend #7919,negative,0
link attached for reference #1282,neutral,1
will follow up later #8476,neutral,1
so happy with this #7048,positive,2
hate this update #6535,negative,0
hate this update #3384,negative,0
best day ever #7107,positive,2
hate this update #6981,negative,0
standard procedure #6673,neutral,1
as expected #184,neutral,1
so frustrated right now #991,negative,0
loving this so much #8420,positive,2
hate this update #6643,negative,0
this is awful #6161,negative,0
link attached for reference #3196,neutral,1
as expected #6562,neutral,1
so frustrated right now #7639,negative,0
best day ever #255,positive,2
totally disappointed with this #2255,negative,0
hate this update #3020,negative,0
would not recommend #4125,negative,0
hate this update #4551,negative,0
as expected #767,neutral,1
so frustrated right now #2402,negative,0
best day ever #4834,positive,2
excellent quality #5940,positive,2
totally disappointed with this #9210,negative,0
link attached for reference #2092,neutral,1
standard procedure #5921,neutral,1
excellent quality #8197,positive,2
ok thanks #6199,neutral,1
worst experience ever #4820,negative,0
best day ever #9973,positive,2
so happy with this #7466,positive,2
best day ever #8502,positive,2
see you tomorrow #6608,neutral,1
will follow up later #329,neutral,1
standard procedure #5097,neutral,1
this is awful #8945,negative,0
this is awful #4676,negative,0
waste of time #7436,negative,0
hate this update #2780,negative,0
the meeting is at 3pm #7847,neutral,1
so happy with this #1535,positive,2
excellent quality #4509,positive,2
will follow up later #9942,neutral,1
see you tomorrow #121,neutral,1
standard procedure #2453,neutral,1
hate this update #8781,negative,0
the meeting is at 3pm #7744,neutral,1
waste of time #6346,negative,0
fantastic support team #7980,positive,2
highly recommend #6083,positive,2
fantastic support team #9232,positive,2
so happy with this #9822,positive,2
excellent quality #6464,positive,2
great experience #7495,positive,2
so frustrated right now #1654,negative,0
link attached for reference #7095,neutral,1
link attached for reference #4724,neutral,1
link attached for reference #1239,neutral,1
highly recommend #4913,positive,2
would not recommend #3675,negative,0
ok thanks #9707,neutral,1
link attached for reference #1786,neutral,1
noted for the record #4428,neutral,1
so frustrated right now #1196,negative,0
would not recommend #1535,negative,0
will follow up later #5045,neutral,1
great experience #5187,positive,2
standard procedure #7599,neutral,1
totally disappointed with this #7078,negative,0
hate this update #9460,negative,0
waste of time #1046,negative,0
standard procedure #1238,neutral,1
so happy with this #8125,positive,2
the meeting is at 3pm #2024,neutral,1
terrible quality #3878,negative,0
would not recommend #9475,negative,0
loving this so much #3437,positive,2
would not recommend #6087,negative,0
totally disappointed with this #4087,negative,0
great experience #1889,positive,2
see you tomorrow #260,neutral,1
excellent quality #7685,positive,2
highly recommend #5363,positive,2
this is awful #9930,negative,0
ok thanks #8229,neutral,1
worst experience ever #2532,negative,0
will follow up later #9694,neutral,1
see you tomorrow #943,neutral,1
as expected #9305,neutral,1
see you tomorrow #1887,neutral,1
this made my day #2786,positive,2
so happy with this #2973,positive,2
worst experience ever #9188,negative,0
hate this update #3009,negative,0
excellent quality #1041,positive,2
highly recommend #2112,positive,2
this is awful #9415,negative,0
loving this so much #8559,positive,2
fantastic support team #6994,positive,2
noted for the record #9279,neutral,1
see you tomorrow #4794,neutral,1
will follow up later #5375,neutral,1
noted for the record #8328,neutral,1
the meeting is at 3pm #2547,neutral,1
the meeting is at 3pm #4463,neutral,1
the meeting is at 3pm #9576,neutral,1
link attached for reference #6428,neutral,1
loving this so much #9333,positive,2
as expected #5878,neutral,1
see you tomorrow #3520,neutral,1
standard procedure #2498,neutral,1
loving this so much #7461,positive,2
terrible quality #4762,negative,0
would not recommend #8146,negative,0
as expected #5981,neutral,1
loving this so much #3593,positive,2
fantastic support team #3667,positive,2
standard procedure #3592,neutral,1
best day ever #1148,positive,2
excellent quality #7036,positive,2
totally disappointed with this #5973,negative,0
totally disappointed with this #9522,negative,0
see you tomorrow #4202,neutral,1
best day ever #2126,positive,2
as expected #588,neutral,1
as expected #5219,neutral,1
would not recommend #1809,negative,0
best day ever #2368,positive,2
would not recommend #3207,negative,0
worst experience ever #951,negative,0
ok thanks #9912,neutral,1
great experience #2557,positive,2
this made my day #4744,positive,2
great experience #1861,positive,2
totally disappointed with this #4176,negative,0
so happy with this #3969,positive,2
would not recommend #197,negative,0
this made my day #4800,positive,2
so frustrated right now #844,negative,0
will follow up later #3145,neutral,1
terrible quality #4389,negative,0
would not recommend #9675,negative,0
this is awful #5327,negative,0
waste of time #1775,negative,0
totally disappointed with this #2279,negative,0
excellent quality #3344,positive,2
excellent quality #8962,positive,2
fantastic support team #4740,positive,2
worst experience ever #7723,negative,0
totally disappointed with this #12,negative,0
standard procedure #4104,neutral,1
this made my day #9590,positive,2
so happy with this #5861,positive,2
the meeting is at 3pm #490,neutral,1
highly recommend #2950,positive,2
ok thanks #3383,neutral,1
highly recommend #182,positive,2
highly recommend #676,positive,2
ok thanks #6875,neutral,1
best day ever #8561,positive,2
ok thanks #6868,neutral,1
worst experience ever #9994,negative,0
so frustrated right now #505,negative,0
will follow up later #4626,neutral,1
so frustrated right now #9991,negative,0
standard procedure #2416,neutral,1
so happy with this #5964,positive,2
would not recommend #6674,negative,0
link attached for reference #7877,neutral,1
terrible quality #6981,negative,0
highly recommend #2250,positive,2
the meeting is at 3pm #1807,neutral,1
as expected #5028,neutral,1
fantastic support team #6427,positive,2
so frustrated right now #6930,negative,0
link attached for reference #6105,neutral,1
great experience #5364,positive,2
noted for the record #7992,neutral,1
would not recommend #5456,negative,0
this made my day #519,positive,2
hate this update #9173,negative,0
hate this update #8061,negative,0
noted for the record #1002,neutral,1
this made my day #3788,positive,2
ok thanks #9028,neutral,1
fantastic support team #7906,positive,2
waste of time #1523,negative,0
worst experience ever #1158,negative,0
highly recommend #6560,positive,2
fantastic support team #3448,positive,2
the meeting is at 3pm #7675,neutral,1
so happy with this #2923,positive,2
this made my day #8358,positive,2
totally disappointed with this #181,negative,0
worst experience ever #2533,negative,0
fantastic support team #1748,positive,2
this made my day #3032,positive,2
terrible quality #7219,negative,0
waste of time #3794,negative,0
as expected #3920,neutral,1
standard procedure #9792,neutral,1
worst experience ever #8511,negative,0
best day ever #1115,positive,2
the meeting is at 3pm #6377,neutral,1
great experience #5108,positive,2
loving this so much #901,positive,2
so frustrated right now #6259,negative,0
best day ever #6002,positive,2
great experience #8042,positive,2
ok thanks #3244,neutral,1
waste of time #8140,negative,0
ok thanks #9059,neutral,1
waste of time #9267,negative,0
see you tomorrow #2482,neutral,1
waste of time #8412,negative,0
see you tomorrow #5051,neutral,1
ok thanks #7960,neutral,1
this made my day #8163,positive,2
loving this so much #3829,positive,2
great experience #7323,positive,2
excellent quality #7980,positive,2
loving this so much #6197,positive,2
fantastic support team #1339,positive,2
this made my day #4240,positive,2
loving this so much #1885,positive,2
worst experience ever #900,negative,0
noted for the record #9133,neutral,1
excellent quality #3110,positive,2
best day ever #9160,positive,2
would not recommend #410,negative,0
so happy with this #7783,positive,2
so frustrated right now #1091,negative,0
totally disappointed with this #2296,negative,0
highly recommend #201,positive,2
worst experience ever #2703,negative,0
best day ever #4313,positive,2
so frustrated right now #4898,negative,0
noted for the record #6830,neutral,1
noted for the record #5502,neutral,1
hate this update #7947,negative,0
terrible quality #6109,negative,0
best day ever #6724,positive,2
so happy with this #6108,positive,2
see you tomorrow #3415,neutral,1
worst experience ever #8311,negative,0
waste of time #5944,negative,0
so frustrated right now #3663,negative,0
standard procedure #6230,neutral,1
totally disappointed with this #8562,negative,0
hate this update #4371,negative,0
totally disappointed with this #1192,negative,0
this is awful #7257,negative,0
so happy with this #9994,positive,2
will follow up later #1222,neutral,1
terrible quality #1978,negative,0
highly recommend #7758,positive,2
ok thanks #8828,neutral,1
worst experience ever #2812,negative,0
as expected #2910,neutral,1
waste of time #4673,negative,0
would not recommend #6636,negative,0
as expected #9285,neutral,1
fantastic support team #3904,positive,2
as expected #4313,neutral,1
will follow up later #5817,neutral,1
terrible quality #6322,negative,0
highly recommend #4421,positive,2
see you tomorrow #242,neutral,1
great experience #5158,positive,2
the meeting is at 3pm #1441,neutral,1
fantastic support team #4257,positive,2
totally disappointed with this #7781,negative,0
hate this update #7957,negative,0
hate this update #139,negative,0
so frustrated right now #7743,negative,0
loving this so much #8493,positive,2
the meeting is at 3pm #549,neutral,1
noted for the record #2409,neutral,1
totally disappointed with this #3203,negative,0
totally disappointed with this #7874,negative,0
link attached for reference #6984,neutral,1
loving this so much #1710,positive,2
the meeting is at 3pm #663,neutral,1
hate this update #8677,negative,0
noted for the record #6062,neutral,1
as expected #4691,neutral,1
fantastic support team #4843,positive,2
standard procedure #6024,neutral,1
this is awful #4482,negative,0
would not recommend #7584,negative,0
totally disappointed with this #5995,negative,0
terrible quality #4503,negative,0
will follow up later #777,neutral,1
highly recommend #1950,positive,2
terrible quality #8883,negative,0
ok thanks #1969,neutral,1
totally disappointed with this #3298,negative,0
great experience #9541,positive,2
so frustrated right now #8783,negative,0
standard procedure #9498,neutral,1
worst experience ever #1064,negative,0
this made my day #7610,positive,2
this is awful #508,negative,0
best day ever #6947,positive,2
so happy with this #1058,positive,2
so frustrated right now #1872,negative,0
fantastic support team #4340,positive,2
link attached for reference #252,neutral,1
waste of time #1828,negative,0
waste of time #9152,negative,0
excellent quality #1781,positive,2
hate this update #2989,negative,0
the meeting is at 3pm #2278,neutral,1
the meeting is at 3pm #718,neutral,1
loving this so much #7186,positive,2
fantastic support team #3599,positive,2
so happy with this #1721,positive,2
excellent quality #7647,positive,2
great experience #2559,positive,2
hate this update #9209,negative,0
loving this so much #8966,positive,2
loving this so much #6919,positive,2
highly recommend #8270,positive,2
totally disappointed with this #4912,negative,0
see you tomorrow #5483,neutral,1
hate this update #6678,negative,0
as expected #4935,neutral,1
ok thanks #9233,neutral,1
great experience #2829,positive,2
so frustrated right now #7812,negative,0
this is awful #7992,negative,0
will follow up later #6860,neutral,1
the meeting is at 3pm #4924,neutral,1
the meeting is at 3pm #6309,neutral,1
so happy with this #6041,positive,2
noted for the record #7766,neutral,1
noted for the record #5221,neutral,1
totally disappointed with this #2947,negative,0
hate this update #5127,negative,0
so frustrated right now #8983,negative,0
as expected #7408,neutral,1
highly recommend #9074,positive,2
totally disappointed with this #3024,negative,0
fantastic support team #5509,positive,2
this is awful #7324,negative,0
best day ever #2501,positive,2
will follow up later #250,neutral,1
will follow up later #3390,neutral,1
see you tomorrow #8762,neutral,1
totally disappointed with this #5840,negative,0
as expected #2166,neutral,1
best day ever #8640,positive,2
will follow up later #8074,neutral,1
terrible quality #9532,negative,0
best day ever #3300,positive,2
so frustrated right now #4955,negative,0
loving this so much #1855,positive,2
so frustrated right now #9761,negative,0
totally disappointed with this #5548,negative,0
link attached for reference #3547,neutral,1
would not recommend #1120,negative,0
hate this update #620,negative,0
so frustrated right now #8743,negative,0
great experience #2831,positive,2
would not recommend #4290,negative,0
see you tomorrow #7210,neutral,1
the meeting is at 3pm #7604,neutral,1
terrible quality #4809,negative,0
this is awful #3170,negative,0
so happy with this #5895,positive,2
will follow up later #6086,neutral,1
best day ever #2284,positive,2
great experience #3058,positive,2
this made my day #9868,positive,2
best day ever #5366,positive,2
ok thanks #5503,neutral,1
terrible quality #23,negative,0
as expected #6269,neutral,1
waste of time #8585,negative,0
this made my day #363,positive,2
the meeting is at 3pm #1518,neutral,1
the meeting is at 3pm #5607,neutral,1
the meeting is at 3pm #6753,neutral,1
see you tomorrow #5552,neutral,1
great experience #9962,positive,2
highly recommend #6955,positive,2
noted for the record #1041,neutral,1
waste of time #8931,negative,0
so happy with this #1544,positive,2
fantastic support team #1017,positive,2
loving this so much #855,positive,2
see you tomorrow #2352,neutral,1
will follow up later #8290,neutral,1
waste of time #190,negative,0
so happy with this #8551,positive,2
the meeting is at 3pm #932,neutral,1
standard procedure #1244,neutral,1
terrible quality #1290,negative,0
highly recommend #2640,positive,2
worst experience ever #9106,negative,0
see you tomorrow #7827,neutral,1
so frustrated right now #8520,negative,0
hate this update #5626,negative,0
this made my day #310,positive,2
ok thanks #7081,neutral,1
as expected #3426,neutral,1
will follow up later #1082,neutral,1
link attached for reference #1352,neutral,1
waste of time #45,negative,0
so frustrated right now #9361,negative,0
standard procedure #1086,neutral,1
see you tomorrow #4753,neutral,1
terrible quality #1876,negative,0
noted for the record #8099,neutral,1
best day ever #1432,positive,2
worst experience ever #5164,negative,0
as expected #7573,neutral,1
will follow up later #4577,neutral,1
great experience #6780,positive,2
would not recommend #227,negative,0
ok thanks #7638,neutral,1
terrible quality #4493,negative,0
terrible quality #2413,negative,0
highly recommend #3017,positive,2
loving this so much #6170,positive,2
best day ever #1897,positive,2
best day ever #6690,positive,2
best day ever #264,positive,2
see you tomorrow #9860,neutral,1
waste of time #4091,negative,0
this is awful #494,negative,0
this made my day #6135,positive,2
worst experience ever #4498,negative,0
terrible quality #5847,negative,0
great experience #5369,positive,2
best day ever #155,positive,2
standard procedure #309,neutral,1
loving this so much #4026,positive,2
worst experience ever #7960,negative,0
noted for the record #8618,neutral,1
the meeting is at 3pm #1619,neutral,1
fantastic support team #7752,positive,2
loving this so much #3575,positive,2
terrible quality #9016,negative,0
this is awful #9353,negative,0
ok thanks #8489,neutral,1
loving this so much #5671,positive,2
as expected #2796,neutral,1
noted for the record #7100,neutral,1
hate this update #7499,negative,0
fantastic support team #5508,positive,2
best day ever #9069,positive,2
will follow up later #517,neutral,1
loving this so much #901,positive,2
so frustrated right now #3191,negative,0
standard procedure #4784,neutral,1
this made my day #9990,positive,2
excellent quality #5029,positive,2
ok thanks #4343,neutral,1
link attached for reference #1190,neutral,1
see you tomorrow #4811,neutral,1
standard procedure #3605,neutral,1
as expected #9291,neutral,1
the meeting is at 3pm #2571,neutral,1
noted for the record #3612,neutral,1
terrible quality #1893,negative,0
waste of time #8848,negative,0
worst experience ever #9662,negative,0
totally disappointed with this #1260,negative,0
terrible quality #3125,negative,0
great experience #9071,positive,2
the meeting is at 3pm #5296,neutral,1
highly recommend #401,positive,2
as expected #5290,neutral,1
would not recommend #4439,negative,0
noted for the record #9097,neutral,1
totally disappointed with this #5,negative,0
loving this so much #6760,positive,2
fantastic support team #1933,positive,2
great experience #5378,positive,2
the meeting is at 3pm #9898,neutral,1
worst experience ever #4363,negative,0
the meeting is at 3pm #724,neutral,1
waste of time #451,negative,0
totally disappointed with this #1145,negative,0
standard procedure #6660,neutral,1
fantastic support team #9532,positive,2
the meeting is at 3pm #472,neutral,1
highly recommend #1576,positive,2
noted for the record #9454,neutral,1
link attached for reference #6267,neutral,1
this made my day #2320,positive,2
this made my day #8858,positive,2
this made my day #7110,positive,2
standard procedure #5217,neutral,1
would not recommend #8533,negative,0
as expected #9982,neutral,1
would not recommend #1258,negative,0
will follow up later #5316,neutral,1
highly recommend #3155,positive,2
great experience #7620,positive,2
fantastic support team #8323,positive,2
will follow up later #1535,neutral,1
as expected #38,neutral,1
as expected #3986,neutral,1
waste of time #6379,negative,0
standard procedure #2782,neutral,1
so frustrated right now #4383,negative,0
highly recommend #1498,positive,2
hate this update #3265,negative,0
highly recommend #2470,positive,2
fantastic support team #9445,positive,2
loving this so much #8383,positive,2
totally disappointed with this #9528,negative,0
loving this so much #4493,positive,2
best day ever #7583,positive,2
this made my day #1803,positive,2
as expected #4122,neutral,1
this made my day #101,positive,2
great experience #3712,positive,2
would not recommend #1077,negative,0
link attached for reference #4928,neutral,1
the meeting is at 3pm #9276,neutral,1
link attached for reference #1808,neutral,1
waste of time #7048,negative,0
totally disappointed with this #6825,negative,0
great experience #2633,positive,2
excellent quality #1969,positive,2
excellent quality #43,positive,2
so frustrated right now #1792,negative,0
the meeting is at 3pm #7233,neutral,1
terrible quality #1074,negative,0
would not recommend #1343,negative,0
highly recommend #7213,positive,2
link attached for reference #8750,neutral,1
so frustrated right now #4186,negative,0
totally disappointed with this #5685,negative,0
highly recommend #5547,positive,2
hate this update #3730,negative,0
highly recommend #7981,positive,2
loving this so much #6008,positive,2
highly recommend #4410,positive,2
worst experience ever #1397,negative,0
waste of time #7261,negative,0
link attached for reference #3157,neutral,1
this is awful #1763,negative,0
so frustrated right now #3790,negative,0
this is awful #6524,negative,0
this is awful #1653,negative,0
loving this so much #1562,positive,2
so happy with this #688,positive,2
totally disappointed with this #4901,negative,0
this is awful #1772,negative,0
loving this so much #3280,positive,2
loving this so much #4000,positive,2
would not recommend #9615,negative,0
link attached for reference #7452,neutral,1
excellent quality #5790,positive,2
worst experience ever #2993,negative,0
link attached for reference #8105,neutral,1
will follow up later #1007,neutral,1
the meeting is at 3pm #1325,neutral,1
highly recommend #2097,positive,2
would not recommend #2447,negative,0
terrible quality #7767,negative,0
as expected #4823,neutral,1
so happy with this #4527,positive,2
best day ever #1120,positive,2
terrible quality #6438,negative,0
hate this update #4585,negative,0
terrible quality #8435,negative,0
noted for the record #2347,neutral,1
best day ever #3401,positive,2
would not recommend #3941,negative,0
link attached for reference #5433,neutral,1
this is awful #3207,negative,0
link attached for reference #2962,neutral,1
link attached for reference #5677,neutral,1
see you tomorrow #7545,neutral,1
terrible quality #9026,negative,0
the meeting is at 3pm #3689,neutral,1
this is awful #501,negative,0
see you tomorrow #9312,neutral,1
would not recommend #2808,negative,0
highly recommend #6867,positive,2
see you tomorrow #4426,neutral,1
best day ever #8201,positive,2
terrible quality #3171,negative,0
this is awful #7451,negative,0
excellent quality #7160,positive,2
waste of time #6196,negative,0
totally disappointed with this #9643,negative,0
loving this so much #2713,positive,2
link attached for reference #4452,neutral,1
best day ever #7891,positive,2
excellent quality #7890,positive,2
so frustrated right now #5996,negative,0
so happy with this #7201,positive,2
noted for the record #858,neutral,1
totally disappointed with this #2524,negative,0
waste of time #4378,negative,0
waste of time #3075,negative,0
excellent quality #7416,positive,2
see you tomorrow #1930,neutral,1
this made my day #7041,positive,2
great experience #3756,positive,2
waste of time #1299,negative,0
this made my day #9145,positive,2
totally disappointed with this #4557,negative,0
so frustrated right now #3666,negative,0
hate this update #944,negative,0
would not recommend #6254,negative,0
worst experience ever #3615,negative,0
the meeting is at 3pm #4023,neutral,1
so happy with this #747,positive,2
excellent quality #1621,positive,2
so frustrated right now #2909,negative,0
totally disappointed with this #807,negative,0
waste of time #3423,negative,0
this made my day #2026,positive,2
hate this update #5942,negative,0
this made my day #2362,positive,2
standard procedure #890,neutral,1
loving this so much #7602,positive,2
worst experience ever #6017,negative,0
ok thanks #3076,neutral,1
as expected #7180,neutral,1
ok thanks #6735,neutral,1
waste of time #2416,negative,0
fantastic support team #5191,positive,2
terrible quality #1528,negative,0
see you tomorrow #8554,neutral,1
standard procedure #9178,neutral,1
the meeting is at 3pm #4032,neutral,1
excellent quality #4152,positive,2
waste of time #9486,negative,0
terrible quality #8322,negative,0
best day ever #7316,positive,2
standard procedure #2834,neutral,1
great experience #9668,positive,2
this made my day #1585,positive,2
hate this update #1883,negative,0
hate this update #5045,negative,0
this made my day #6564,positive,2
ok thanks #8483,neutral,1
this is awful #7020,negative,0
standard procedure #8103,neutral,1
great experience #5735,positive,2
link attached for reference #7043,neutral,1
totally disappointed with this #8043,negative,0
as expected #4979,neutral,1
standard procedure #969,neutral,1
this is awful #7820,negative,0
link attached for reference #9506,neutral,1
terrible quality #3712,negative,0
standard procedure #508,neutral,1
see you tomorrow #5654,neutral,1
worst experience ever #7426,negative,0
excellent quality #3517,positive,2
excellent quality #4709,positive,2
would not recommend #4186,negative,0
best day ever #3462,positive,2
terrible quality #9771,negative,0
standard procedure #3201,neutral,1
best day ever #4716,positive,2
as expected #7596,neutral,1
noted for the record #2162,neutral,1
as expected #8725,neutral,1
hate this update #5145,negative,0
link attached for reference #74,neutral,1
so frustrated right now #6722,negative,0
link attached for reference #86,neutral,1
loving this so much #404,positive,2
excellent quality #360,positive,2
see you tomorrow #2201,neutral,1
noted for the record #5339,neutral,1
great experience #6324,positive,2
fantastic support team #6858,positive,2
great experience #1350,positive,2
waste of time #1184,negative,0
totally disappointed with this #2531,negative,0
link attached for reference #4311,neutral,1
so happy with this #4531,positive,2
highly recommend #3571,positive,2
terrible quality #1372,negative,0
will follow up later #8295,neutral,1
will follow up later #4725,neutral,1
this made my day #9561,positive,2
as expected #7995,neutral,1
link attached for reference #2878,neutral,1
so happy with this #7076,positive,2
would not recommend #675,negative,0
standard procedure #6718,neutral,1
fantastic support team #1844,positive,2
terrible quality #2536,negative,0
ok thanks #4013,neutral,1
highly recommend #3220,positive,2
see you tomorrow #5457,neutral,1
as expected #3608,neutral,1
